$ git branch --show-current
returncode=0 duration=0.011
[stdout]
main

$ git rev-parse HEAD
returncode=0 duration=0.01
[stdout]
c788a8c530eb0984d088a86e8e7951145581abbe

$ git rev-parse origin/main
returncode=0 duration=0.011
[stdout]
c788a8c530eb0984d088a86e8e7951145581abbe

$ git status --short
returncode=0 duration=0.016

$ ./.venv/bin/agentic-kit transfer divergence-status --json
returncode=0 duration=0.39
[stdout]
{
  "schema_version": 1,
  "kind": "transfer_divergence_status_result",
  "action": "divergence-status",
  "result_status": "PASS",
  "final_signal": "d",
  "next_action": "Divergence status reported; inspect ahead/behind before mutating branches.",
  "repo": {
    "branch": "main",
    "head": "c788a8c530eb0984d088a86e8e7951145581abbe",
    "upstream": "origin/main",
    "upstream_head": "c788a8c530eb0984d088a86e8e7951145581abbe",
    "head_matches_upstream": true,
    "ahead": 0,
    "behind": 0
  },
  "commands": {
    "branch": {
      "argv": [
        "git",
        "branch",
        "--show-current"
      ],
      "returncode": 0,
      "stdout": "main\n",
      "stderr": "",
      "ok": true
    },
    "head": {
      "argv": [
        "git",
        "rev-parse",
        "HEAD"
      ],
      "returncode": 0,
      "stdout": "c788a8c530eb0984d088a86e8e7951145581abbe\n",
      "stderr": "",
      "ok": true
    },
    "upstream": {
      "argv": [
        "git",
        "rev-parse",
        "--abbrev-ref",
        "--symbolic-full-name",
        "@{u}"
      ],
      "returncode": 0,
      "stdout": "origin/main\n",
      "stderr": "",
      "ok": true
    },
    "upstream_head": {
      "argv": [
        "git",
        "rev-parse",
        "@{u}"
      ],
      "returncode": 0,
      "stdout": "c788a8c530eb0984d088a86e8e7951145581abbe\n",
      "stderr": "",
      "ok": true
    },
    "ahead_behind": {
      "argv": [
        "git",
        "rev-list",
        "--left-right",
        "--count",
        "HEAD...@{u}"
      ],
      "returncode": 0,
      "stdout": "0\t0\n",
      "stderr": "",
      "ok": true
    }
  }
}

$ ./.venv/bin/agentic-kit transfer repo-status --json
returncode=0 duration=0.257
[stdout]
{
  "action": "repo-status",
  "command": [
    "git",
    "status",
    "--short"
  ],
  "next_action": "Worktree clean; continue with the next planned slice.",
  "result_status": "PASS",
  "returncode": 0,
  "stderr": "",
  "stdout": ""
}

$ ./.venv/bin/agentic-kit transfer command-reference-check --json
returncode=0 duration=0.646
[stdout]
{
  "schema_version": 1,
  "kind": "transfer_command_reference_check_result",
  "action": "command-reference-check",
  "result_status": "PASS",
  "final_signal": "d",
  "next_action": "Command reference is current.",
  "result": {
    "argv": [
      "./.venv/bin/python",
      "-m",
      "pytest",
      "-q",
      "tests/test_agentic_kit_command_reference_is_current.py"
    ],
    "returncode": 0,
    "stdout": "..                                                                       [100%]\n2 passed in 0.21s\n",
    "stderr": "",
    "ok": true
  }
}

$ ./.venv/bin/agentic-kit check-docs
returncode=0 duration=0.311
[stdout]
Agentic project check passed

$ ./.venv/bin/agentic-kit doctor
returncode=0 duration=10.676
[stdout]
Agentic project doctor report for
<KIT_ROOT>

[PASS] pyproject.toml: present
[PASS] README.md: present
[PASS] sentinel.yaml: present
[PASS] .github/workflows/ci.yml: present
[PASS] project contract: agentic-project-kit; profiles: generic-git-repo,
markdown-docs, python-cli, git-github, release-managed; policy packs:
solo-maintainer, agentic-development, release-managed, documentation-governed
[PASS] policy pack checks: active: solo-maintainer, agentic-development,
release-managed, documentation-governed
[PASS] documentation gates: passed
[WARN] document lifecycle audit: 45 report-only finding(s)
[PASS] todo gates: passed
[PASS] standard audit suite: passed
[PASS] version drift: project state matches version 0.4.13

Overall: PASS

$ ./.venv/bin/agentic-kit handoff check
returncode=0 duration=0.285
[stdout]
Persistent handoff state check passed
Documentation registry:
- registry: docs/DOCUMENTATION_REGISTRY.yaml
- version: 1
- documents: 100
- broad_migration_allowed: False
- class:architecture: 5
- class:evidence/log: 14
- class:generated artifact: 3
- class:governance/system: 32
- class:historical archive: 18
- class:operational/automation: 17
- class:planning: 5
- class:release: 2
- class:user-facing description: 4

$ ./.venv/bin/agentic-kit docs-registry
returncode=0 duration=0.281
[stdout]
Documentation registry summary
registry: docs/DOCUMENTATION_REGISTRY.yaml
version: 1
lifecycle: experimental-schema-baseline
broad_migration_allowed: False
documents: 100
classes:
- architecture: 5
- evidence/log: 14
- generated artifact: 3
- governance/system: 32
- historical archive: 18
- operational/automation: 17
- planning: 5
- release: 2
- user-facing description: 4
owners:
- automation: 3
- maintainers: 97
registration policy:
- status: reviewed_register_command_available
- mutation_allowed: True
- allowed_command: agentic-kit doc-registry register
- unregistered_candidates: 66
artifact policy:
- policy: .agentic/communication_artifacts.yaml
- rules: 7
- delete_allowed:
  - False: 4
  - True: 1
  - conditional: 2
- protected rules:
  - agent-command-inbox
  - command-run-reports
  - repo-terminal-logs
  - terminal-latest-pointer

$ ./.venv/bin/agentic-kit doc-registry check-unregistered --json
returncode=0 duration=0.318
[stdout]
{
  "candidate_count": 0,
  "candidates": [],
  "exempted_count": 66,
  "final_signal": "d",
  "kind": "documentation_registry_unregistered_candidates",
  "next_action": "No unregistered document candidates found.",
  "registry_path": "docs/DOCUMENTATION_REGISTRY.yaml",
  "result_status": "PASS",
  "schema_version": 1,
  "scope_errors": [],
  "scope_exempt_path_count": 2,
  "scope_path": "docs/DOC_REGISTRY_SCOPE.yaml",
  "scope_present": true,
  "scope_required_file_count": 2,
  "scope_required_path_count": 11,
  "scope_violation_count": 0,
  "scope_violations": [],
  "strict_scope": false
}

$ ./.venv/bin/python -m pytest -q tests/test_documentation_registry.py tests/test_doc_mesh.py
returncode=0 duration=2.03
[stdout]
...................................................                      [100%]
=============================== warnings summary ===============================
tests/test_documentation_registry.py: 19 warnings
tests/test_doc_mesh.py: 21 warnings
  <KIT_ROOT>/src/agentic_project_kit/workspace.py:398: LegacyProfileDeprecationWarning: agentic-kit implicit legacy profile is deprecated for manifest-less workspaces and will be removed in 2.0.0; run `agentic-kit workspace init --root PATH` or set AGENTIC_KIT_SUPPRESS_LEGACY_PROFILE_WARNING=1 to suppress this warning.
    warnings.warn(

-- Docs: https://docs.pytest.org/en/stable/how-to/capture-warnings.html
51 passed, 40 warnings in 1.85s

$ ./.venv/bin/agentic-kit docs lifecycle plan --scope docs/handoff --json
returncode=0 duration=0.481
[stdout]
{
  "execution_enabled": false,
  "kind": "doc_lifecycle_plan",
  "mode": "dry-run",
  "result_status": "PASS",
  "schema_version": 1,
  "scope": "docs/handoff",
  "steps": [
    {
      "execute": false,
      "id": "docs/handoff/CLOSEOUT_BEFORE_CHAT_SWITCH_PROMPT.md:HEADER_MISSING",
      "operation": "defer",
      "path": "docs/handoff/CLOSEOUT_BEFORE_CHAT_SWITCH_PROMPT.md",
      "reason": "missing lifecycle header field(s): Status, Status-date",
      "registry": {
        "doc_class": "operational/automation",
        "owner": "maintainers",
        "registered": true,
        "review_policy": null,
        "scope": "in-scope",
        "status": "active",
        "summary": null
      },
      "safety_class": "advisory",
      "source": "doc-lifecycle-triage"
    },
    {
      "execute": false,
      "id": "docs/handoff/CURRENT_HANDOFF.md:HEADER_MISSING",
      "operation": "defer",
      "path": "docs/handoff/CURRENT_HANDOFF.md",
      "reason": "missing lifecycle header field(s): Status",
      "registry": {
        "doc_class": "planning",
        "owner": "maintainers",
        "registered": true,
        "review_policy": null,
        "scope": "in-scope",
        "status": null,
        "summary": null
      },
      "safety_class": "advisory",
      "source": "doc-lifecycle-triage"
    },
    {
      "execute": false,
      "id": "docs/handoff/NEXT_CHAT_BOOTSTRAP.md:HEADER_MISSING",
      "operation": "defer",
      "path": "docs/handoff/NEXT_CHAT_BOOTSTRAP.md",
      "reason": "missing lifecycle header field(s): Status, Status-date",
      "registry": {
        "doc_class": "generated artifact",
        "owner": "automation",
        "registered": true,
        "review_policy": null,
        "scope": "in-scope",
        "status": "active",
        "summary": null
      },
      "safety_class": "advisory",
      "source": "doc-lifecycle-triage"
    },
    {
      "execute": false,
      "id": "docs/handoff/START_NEW_CHAT_PROMPT.md:HEADER_MISSING",
      "operation": "defer",
      "path": "docs/handoff/START_NEW_CHAT_PROMPT.md",
      "reason": "missing lifecycle header field(s): Status, Status-date",
      "registry": {
        "doc_class": "generated artifact",
        "owner": "automation",
        "registered": true,
        "review_policy": null,
        "scope": "in-scope",
        "status": "active",
        "summary": null
      },
      "safety_class": "advisory",
      "source": "doc-lifecycle-triage"
    },
    {
      "execute": false,
      "id": "docs/handoff/CLOSEOUT_BEFORE_CHAT_SWITCH_PROMPT.md:manual-review",
      "operation": "manual-review",
      "path": "docs/handoff/CLOSEOUT_BEFORE_CHAT_SWITCH_PROMPT.md",
      "reason": "status requires manual review",
      "registry": {
        "doc_class": "operational/automation",
        "owner": "maintainers",
        "registered": true,
        "review_policy": null,
        "scope": "in-scope",
        "status": "active",
        "summary": null
      },
      "safety_class": "human-decision-required",
      "source": "doc-lifecycle-triage"
    },
    {
      "execute": false,
      "id": "docs/handoff/CURRENT_HANDOFF.md:manual-review",
      "operation": "manual-review",
      "path": "docs/handoff/CURRENT_HANDOFF.md",
      "reason": "status requires manual review",
      "registry": {
        "doc_class": "planning",
        "owner": "maintainers",
        "registered": true,
        "review_policy": null,
        "scope": "in-scope",
        "status": null,
        "summary": null
      },
      "safety_class": "human-decision-required",
      "source": "doc-lifecycle-triage"
    },
    {
      "execute": false,
      "id": "docs/handoff/NEXT_CHAT_BOOTSTRAP.md:manual-review",
      "operation": "manual-review",
      "path": "docs/handoff/NEXT_CHAT_BOOTSTRAP.md",
      "reason": "status requires manual review",
      "registry": {
        "doc_class": "generated artifact",
        "owner": "automation",
        "registered": true,
        "review_policy": null,
        "scope": "in-scope",
        "status": "active",
        "summary": null
      },
      "safety_class": "human-decision-required",
      "source": "doc-lifecycle-triage"
    },
    {
      "execute": false,
      "id": "docs/handoff/START_NEW_CHAT_PROMPT.md:manual-review",
      "operation": "manual-review",
      "path": "docs/handoff/START_NEW_CHAT_PROMPT.md",
      "reason": "status requires manual review",
      "registry": {
        "doc_class": "generated artifact",
        "owner": "automation",
        "registered": true,
        "review_policy": null,
        "scope": "in-scope",
        "status": "active",
        "summary": null
      },
      "safety_class": "human-decision-required",
      "source": "doc-lifecycle-triage"
    }
  ],
  "summary": {
    "failures": 4,
    "safe_noops": 0,
    "steps": 8,
    "warnings": 4
  },
  "triage_summary": {
    "documents": 89,
    "failures": 0,
    "findings": 45,
    "proposed_actions": 135,
    "reconcile_findings": 1,
    "warnings": 45
  }
}

$ ./.venv/bin/agentic-kit docs lifecycle triage --json
returncode=0 duration=0.478
[stdout]
{
  "auto_apply": false,
  "documents": [
    {
      "age_days": null,
      "class": "release",
      "decision_status": null,
      "path": "CHANGELOG.md",
      "registry": {
        "doc_class": "release",
        "owner": "maintainers",
        "registered": true,
        "review_policy": null,
        "scope": "in-scope",
        "status": null,
        "summary": null
      },
      "registry_status": null,
      "status": null,
      "status_date": null,
      "superseded_by": null
    },
    {
      "age_days": null,
      "class": "user-facing description",
      "decision_status": null,
      "path": "README.md",
      "registry": {
        "doc_class": "user-facing description",
        "owner": "maintainers",
        "registered": true,
        "review_policy": null,
        "scope": "in-scope",
        "status": null,
        "summary": null
      },
      "registry_status": null,
      "status": null,
      "status_date": null,
      "superseded_by": null
    },
    {
      "age_days": 61,
      "class": "planning",
      "decision_status": null,
      "path": "docs/STATUS.md",
      "registry": {
        "doc_class": "planning",
        "owner": "maintainers",
        "registered": true,
        "review_policy": null,
        "scope": "in-scope",
        "status": null,
        "summary": null
      },
      "registry_status": null,
      "status": null,
      "status_date": "2026-05-27",
      "superseded_by": null
    },
    {
      "age_days": 64,
      "class": "governance/system",
      "decision_status": null,
      "path": "docs/TEST_GATES.md",
      "registry": {
        "doc_class": "governance/system",
        "owner": "maintainers",
        "registered": true,
        "review_policy": null,
        "scope": "in-scope",
        "status": null,
        "summary": null
      },
      "registry_status": null,
      "status": null,
      "status_date": "2026-05-24",
      "superseded_by": null
    },
    {
      "age_days": 18,
      "class": "operational/automation",
      "decision_status": null,
      "path": "docs/WORKFLOW_OUTPUT_CYCLE.md",
      "registry": {
        "doc_class": "operational/automation",
        "owner": "maintainers",
        "registered": true,
        "review_policy": null,
        "scope": "in-scope",
        "status": null,
        "summary": null
      },
      "registry_status": null,
      "status": "active",
      "status_date": "2026-07-09",
      "superseded_by": "n/a"
    },
    {
      "age_days": null,
      "class": "architecture",
      "decision_status": null,
      "path": "docs/architecture/ARCHITECTURE_CONTRACT.md",
      "registry": {
        "doc_class": "architecture",
        "owner": "maintainers",
        "registered": true,
        "review_policy": null,
        "scope": "in-scope",
        "status": null,
        "summary": null
      },
      "registry_status": null,
      "status": "Draft contract",
      "status_date": null,
      "superseded_by": null
    },
    {
      "age_days": null,
      "class": "architecture",
      "decision_status": null,
      "path": "docs/architecture/DOCUMENTATION_INFORMATION_ARCHITECTURE.md",
      "registry": {
        "doc_class": "architecture",
        "owner": "maintainers",
        "registered": true,
        "review_policy": null,
        "scope": "in-scope",
        "status": "active",
        "summary": null
      },
      "registry_status": "active",
      "status": "architecture contract",
      "status_date": null,
      "superseded_by": null
    },
    {
      "age_days": null,
      "class": "architecture",
      "decision_status": null,
      "path": "docs/architecture/KIT_AS_OS_ARCHITECTURE.md",
      "registry": {
        "doc_class": "architecture",
        "owner": "maintainers",
        "registered": true,
        "review_policy": null,
        "scope": "in-scope",
        "status": null,
        "summary": null
      },
      "registry_status": null,
      "status": "ACCEPTED (v4, angenommen 2026-07-04) \u2014 P1 foundation implemented",
      "status_date": null,
      "superseded_by": null
    },
    {
      "age_days": 16,
      "class": "architecture",
      "decision_status": "awaiting maintainer decision",
      "path": "docs/architecture/P5C_PHYSICAL_MIGRATION_PLAN.md",
      "registry": {
        "doc_class": "architecture",
        "owner": "maintainers",
        "registered": true,
        "review_policy": null,
        "scope": "in-scope",
        "status": null,
        "summary": null
      },
      "registry_status": null,
      "status": "proposed plan",
      "status_date": "2026-07-11",
      "superseded_by": null
    },
    {
      "age_days": null,
      "class": "evidence/log",
      "decision_status": null,
      "path": "docs/architecture/evidence/command-manifest-audit-2026-07-11-cm4.md",
      "registry": {
        "doc_class": "evidence/log",
        "owner": "maintainers",
        "registered": true,
        "review_policy": null,
        "scope": "in-scope",
        "status": null,
        "summary": null
      },
      "registry_status": null,
      "status": "PASS",
      "status_date": null,
      "superseded_by": null
    },
    {
      "age_days": null,
      "class": "evidence/log",
      "decision_status": null,
      "path": "docs/architecture/evidence/legacy-profile-deprecation-2026-07-11-p5d.md",
      "registry": {
        "doc_class": "evidence/log",
        "owner": "maintainers",
        "registered": true,
        "review_policy": null,
        "scope": "in-scope",
        "status": null,
        "summary": null
      },
      "registry_status": null,
      "status": null,
      "status_date": null,
      "superseded_by": null
    },
    {
      "age_days": null,
      "class": "evidence/log",
      "decision_status": null,
      "path": "docs/architecture/evidence/mutation-lock-coverage-2026-07-11-lc1.md",
      "registry": {
        "doc_class": "evidence/log",
        "owner": "maintainers",
        "registered": true,
        "review_policy": null,
        "scope": "in-scope",
        "status": null,
        "summary": null
      },
      "registry_status": null,
      "status": null,
      "status_date": null,
      "superseded_by": null
    },
    {
      "age_days": null,
      "class": "evidence/log",
      "decision_status": null,
      "path": "docs/architecture/evidence/mutation-lock-coverage-2026-07-11-post-lc3.md",
      "registry": {
        "doc_class": "evidence/log",
        "owner": "maintainers",
        "registered": true,
        "review_policy": null,
        "scope": "in-scope",
        "status": null,
        "summary": null
      },
      "registry_status": null,
      "status": "PASS",
      "status_date": null,
      "superseded_by": null
    },
    {
      "age_days": null,
      "class": "evidence/log",
      "decision_status": null,
      "path": "docs/architecture/evidence/path-literal-active-enforcement-2026-07-11-p5b.md",
      "registry": {
        "doc_class": "evidence/log",
        "owner": "maintainers",
        "registered": true,
        "review_policy": null,
        "scope": "in-scope",
        "status": null,
        "summary": null
      },
      "registry_status": null,
      "status": null,
      "status_date": null,
      "superseded_by": null
    },
    {
      "age_days": null,
      "class": "evidence/log",
      "decision_status": null,
      "path": "docs/architecture/evidence/path-literal-audit-2026-07-04-post-p1.md",
      "registry": {
        "doc_class": "evidence/log",
        "owner": "maintainers",
        "registered": true,
        "review_policy": null,
        "scope": "in-scope",
        "status": null,
        "summary": null
      },
      "registry_status": null,
      "status": null,
      "status_date": null,
      "superseded_by": null
    },
    {
      "age_days": null,
      "class": "evidence/log",
      "decision_status": null,
      "path": "docs/architecture/evidence/path-literal-audit-2026-07-04-post-s6-transfer-split.md",
      "registry": {
        "doc_class": "evidence/log",
        "owner": "maintainers",
        "registered": true,
        "review_policy": null,
        "scope": "in-scope",
        "status": null,
        "summary": null
      },
      "registry_status": null,
      "status": null,
      "status_date": null,
      "superseded_by": null
    },
    {
      "age_days": null,
      "class": "evidence/log",
      "decision_status": null,
      "path": "docs/architecture/evidence/path-literal-audit-2026-07-04-post-s6.md",
      "registry": {
        "doc_class": "evidence/log",
        "owner": "maintainers",
        "registered": true,
        "review_policy": null,
        "scope": "in-scope",
        "status": null,
        "summary": null
      },
      "registry_status": null,
      "status": null,
      "status_date": null,
      "superseded_by": null
    },
    {
      "age_days": null,
      "class": "evidence/log",
      "decision_status": null,
      "path": "docs/architecture/evidence/path-literal-audit-2026-07-04.md",
      "registry": {
        "doc_class": "evidence/log",
        "owner": "maintainers",
        "registered": true,
        "review_policy": null,
        "scope": "in-scope",
        "status": null,
        "summary": null
      },
      "registry_status": null,
      "status": null,
      "status_date": null,
      "superseded_by": null
    },
    {
      "age_days": null,
      "class": "evidence/log",
      "decision_status": null,
      "path": "docs/architecture/evidence/path-literal-audit-2026-07-10-post-p4b.md",
      "registry": {
        "doc_class": "evidence/log",
        "owner": "maintainers",
        "registered": true,
        "review_policy": null,
        "scope": "in-scope",
        "status": null,
        "summary": null
      },
      "registry_status": null,
      "status": null,
      "status_date": null,
      "superseded_by": null
    },
    {
      "age_days": null,
      "class": "evidence/log",
      "decision_status": null,
      "path": "docs/architecture/evidence/remote-branch-hygiene-2026-07-11.md",
      "registry": {
        "doc_class": "evidence/log",
        "owner": "maintainers",
        "registered": true,
        "review_policy": null,
        "scope": "in-scope",
        "status": null,
        "summary": null
      },
      "registry_status": null,
      "status": null,
      "status_date": null,
      "superseded_by": null
    },
    {
      "age_days": 19,
      "class": "historical archive",
      "decision_status": "accepted",
      "path": "docs/archive/COMMAND_SAFETY_HARDENING_PLAN.md",
      "registry": {
        "doc_class": "historical archive",
        "owner": "maintainers",
        "registered": true,
        "review_policy": null,
        "scope": "in-scope",
        "status": "superseded",
        "summary": null
      },
      "registry_status": "superseded",
      "status": "active",
      "status_date": "2026-07-08",
      "superseded_by": "docs/governance/COMMAND_SAFETY_POLICY.md and docs/planning/PROJECT_DIRECTION.yaml"
    },
    {
      "age_days": 18,
      "class": "historical archive",
      "decision_status": null,
      "path": "docs/archive/DESIGN.md",
      "registry": {
        "doc_class": "historical archive",
        "owner": "maintainers",
        "registered": true,
        "review_policy": null,
        "scope": "in-scope",
        "status": "superseded",
        "summary": "Historical early generator design note retained as archive context."
      },
      "registry_status": "superseded",
      "status": "superseded",
      "status_date": "2026-07-09",
      "superseded_by": "docs/architecture/ARCHITECTURE_CONTRACT.md, docs/architecture/KIT_AS_OS_ARCHITECTURE.md"
    },
    {
      "age_days": 19,
      "class": "historical archive",
      "decision_status": "proposed for phased implementation",
      "path": "docs/archive/FAILURE_MODE_REVIEW_AUTOMATION_PLAN.md",
      "registry": {
        "doc_class": "historical archive",
        "owner": "maintainers",
        "registered": true,
        "review_policy": null,
        "scope": "in-scope",
        "status": "archived",
        "summary": null
      },
      "registry_status": "archived",
      "status": "proposed",
      "status_date": "2026-07-08",
      "superseded_by": "docs/planning/PROJECT_DIRECTION.yaml"
    },
    {
      "age_days": 19,
      "class": "historical archive",
      "decision_status": "accepted",
      "path": "docs/archive/KIT_AS_OS_MASTERPLAN.md",
      "registry": {
        "doc_class": "historical archive",
        "owner": "maintainers",
        "registered": true,
        "review_policy": null,
        "scope": "in-scope",
        "status": "archived",
        "summary": null
      },
      "registry_status": "archived",
      "status": "active",
      "status_date": "2026-07-08",
      "superseded_by": "docs/architecture/KIT_AS_OS_ARCHITECTURE.md"
    },
    {
      "age_days": 18,
      "class": "historical archive",
      "decision_status": null,
      "path": "docs/archive/LOCAL_COCKPIT_FOUNDATION.md",
      "registry": {
        "doc_class": "historical archive",
        "owner": "maintainers",
        "registered": true,
        "review_policy": null,
        "scope": "in-scope",
        "status": "superseded",
        "summary": null
      },
      "registry_status": "superseded",
      "status": "superseded",
      "status_date": "2026-07-09",
      "superseded_by": "docs/architecture/KIT_AS_OS_ARCHITECTURE.md"
    },
    {
      "age_days": 18,
      "class": "historical archive",
      "decision_status": null,
      "path": "docs/archive/PRE_GUI_EXECUTION_HARDENING.md",
      "registry": {
        "doc_class": "historical archive",
        "owner": "maintainers",
        "registered": true,
        "review_policy": "required",
        "scope": "in-scope",
        "status": "superseded",
        "summary": "Superseded workflow document retained as historical archive context."
      },
      "registry_status": "superseded",
      "status": "superseded",
      "status_date": "2026-07-09",
      "superseded_by": "docs/archive/PRE_GUI_HARDENING_TASKS.md"
    },
    {
      "age_days": 19,
      "class": "historical archive",
      "decision_status": "accepted",
      "path": "docs/archive/PRE_GUI_HARDENING_TASKS.md",
      "registry": {
        "doc_class": "historical archive",
        "owner": "maintainers",
        "registered": true,
        "review_policy": null,
        "scope": "in-scope",
        "status": "archived",
        "summary": null
      },
      "registry_status": "archived",
      "status": "active",
      "status_date": "2026-07-08",
      "superseded_by": "docs/planning/PROJECT_DIRECTION.yaml"
    },
    {
      "age_days": 19,
      "class": "historical archive",
      "decision_status": "accepted",
      "path": "docs/archive/RULE_REFRESH_HANDSHAKE_PLAN.md",
      "registry": {
        "doc_class": "historical archive",
        "owner": "maintainers",
        "registered": true,
        "review_policy": null,
        "scope": "in-scope",
        "status": "superseded",
        "summary": null
      },
      "registry_status": "superseded",
      "status": "active",
      "status_date": "2026-07-08",
      "superseded_by": "docs/governance/RULE_REFRESH_HANDSHAKE_CONTRACT.md and docs/planning/PROJECT_DIRECTION.yaml"
    },
    {
      "age_days": 19,
      "class": "historical archive",
      "decision_status": "accepted",
      "path": "docs/archive/RULE_REGISTRY_IMPROVEMENT_PLAN.md",
      "registry": {
        "doc_class": "historical archive",
        "owner": "maintainers",
        "registered": true,
        "review_policy": null,
        "scope": "in-scope",
        "status": "superseded",
        "summary": null
      },
      "registry_status": "superseded",
      "status": "active",
      "status_date": "2026-07-08",
      "superseded_by": "docs/planning/PROJECT_DIRECTION.yaml"
    },
    {
      "age_days": 19,
      "class": "historical archive",
      "decision_status": "proposed as the highest-priority implementation track after current closeout evidence is recorded",
      "path": "docs/archive/TKINTER_WORKBENCH_GUI_PLAN.md",
      "registry": {
        "doc_class": "historical archive",
        "owner": "maintainers",
        "registered": true,
        "review_policy": null,
        "scope": "in-scope",
        "status": "superseded",
        "summary": null
      },
      "registry_status": "superseded",
      "status": "proposed",
      "status_date": "2026-07-08",
      "superseded_by": "docs/planning/PROJECT_DIRECTION.yaml"
    },
    {
      "age_days": 18,
      "class": "historical archive",
      "decision_status": null,
      "path": "docs/archive/V0.3.36_REMAINING_WORKPLAN.md",
      "registry": {
        "doc_class": "historical archive",
        "owner": "maintainers",
        "registered": true,
        "review_policy": "required",
        "scope": "in-scope",
        "status": "superseded",
        "summary": "Superseded workflow document retained as historical archive context."
      },
      "registry_status": "superseded",
      "status": "superseded",
      "status_date": "2026-07-09",
      "superseded_by": "docs/planning/PROJECT_DIRECTION.yaml"
    },
    {
      "age_days": 18,
      "class": "historical archive",
      "decision_status": null,
      "path": "docs/archive/V0.3.36_SHELL_ADAPTER_INVENTORY_BASELINE.md",
      "registry": {
        "doc_class": "historical archive",
        "owner": "maintainers",
        "registered": true,
        "review_policy": "required",
        "scope": "in-scope",
        "status": "superseded",
        "summary": "Superseded workflow document retained as historical archive context."
      },
      "registry_status": "superseded",
      "status": "superseded",
      "status_date": "2026-07-09",
      "superseded_by": "docs/archive/WORKFLOW_REDUCTION_FOCUS.md"
    },
    {
      "age_days": 18,
      "class": "historical archive",
      "decision_status": "proposed",
      "path": "docs/archive/V0.4.0_GUI_ACTION_READINESS_CONTRACT.md",
      "registry": {
        "doc_class": "historical archive",
        "owner": "maintainers",
        "registered": true,
        "review_policy": null,
        "scope": "in-scope",
        "status": "superseded",
        "summary": "Superseded GUI readiness contract retained as historical archive context."
      },
      "registry_status": "superseded",
      "status": "superseded",
      "status_date": "2026-07-09",
      "superseded_by": "docs/governance/GUI_ACTION_READINESS_CONTRACT.md, docs/archive/LOCAL_COCKPIT_FOUNDATION.md"
    },
    {
      "age_days": 19,
      "class": "historical archive",
      "decision_status": "accepted",
      "path": "docs/archive/WORKFLOW_REDUCTION_FOCUS.md",
      "registry": {
        "doc_class": "historical archive",
        "owner": "maintainers",
        "registered": true,
        "review_policy": null,
        "scope": "in-scope",
        "status": "superseded",
        "summary": null
      },
      "registry_status": "superseded",
      "status": "superseded",
      "status_date": "2026-07-08",
      "superseded_by": "docs/archive/PRE_GUI_HARDENING_TASKS.md and docs/planning/PROJECT_DIRECTION.yaml"
    },
    {
      "age_days": 63,
      "class": "historical archive",
      "decision_status": "accepted",
      "path": "docs/archive/planning/NEXT_TURN_A0_STANDARD_ERROR_ADDITIONS.md",
      "registry": {
        "doc_class": "historical archive",
        "owner": "maintainers",
        "registered": true,
        "review_policy": "required",
        "scope": "in-scope",
        "status": "archived",
        "summary": "Archived next-turn planning note; current direction is governed by project_direction.yaml."
      },
      "registry_status": "archived",
      "status": "active",
      "status_date": "2026-05-25",
      "superseded_by": null
    },
    {
      "age_days": 65,
      "class": "historical archive",
      "decision_status": null,
      "path": "docs/archive/planning/V040_DOCUMENTATION_FOLLOW_UP.md",
      "registry": {
        "doc_class": "historical archive",
        "owner": "maintainers",
        "registered": true,
        "review_policy": "required",
        "scope": "in-scope",
        "status": "archived",
        "summary": "Superseded strategy, roadmap, or plan document retained as historical context after project_direction.yaml became authoritative."
      },
      "registry_status": "archived",
      "status": "superseded",
      "status_date": "2026-05-23",
      "superseded_by": null
    },
    {
      "age_days": 66,
      "class": "historical archive",
      "decision_status": "accepted",
      "path": "docs/archive/planning/roadmap/V0.4.0_PORTABLE_LLM_COMMUNICATION_BOOTSTRAP_ROADMAP.md",
      "registry": {
        "doc_class": "historical archive",
        "owner": "maintainers",
        "registered": true,
        "review_policy": "required",
        "scope": "in-scope",
        "status": "superseded",
        "summary": "Superseded strategy, roadmap, or plan document retained as historical context after project_direction.yaml became authoritative."
      },
      "registry_status": "superseded",
      "status": "superseded",
      "status_date": "2026-05-22",
      "superseded_by": null
    },
    {
      "age_days": 64,
      "class": "governance/system",
      "decision_status": null,
      "path": "docs/governance/CHAT_BOOTSTRAP_AND_DRIFT_CONTRACT.md",
      "registry": {
        "doc_class": "governance/system",
        "owner": "maintainers",
        "registered": true,
        "review_policy": null,
        "scope": "in-scope",
        "status": "active",
        "summary": null
      },
      "registry_status": "active",
      "status": "normative governance contract",
      "status_date": "2026-05-24",
      "superseded_by": null
    },
    {
      "age_days": 66,
      "class": "governance/system",
      "decision_status": null,
      "path": "docs/governance/CHAT_COMMUNICATION_CONTRACT.md",
      "registry": {
        "doc_class": "governance/system",
        "owner": "maintainers",
        "registered": true,
        "review_policy": null,
        "scope": "in-scope",
        "status": "active",
        "summary": null
      },
      "registry_status": "active",
      "status": "normative governance contract",
      "status_date": "2026-05-22",
      "superseded_by": null
    },
    {
      "age_days": null,
      "class": "governance/system",
      "decision_status": null,
      "path": "docs/governance/COMMAND_REFERENCE_REGISTRY_CONTRACT.md",
      "registry": {
        "doc_class": "governance/system",
        "owner": "maintainers",
        "registered": true,
        "review_policy": null,
        "scope": "in-scope",
        "status": "active",
        "summary": null
      },
      "registry_status": "active",
      "status": null,
      "status_date": null,
      "superseded_by": null
    },
    {
      "age_days": 19,
      "class": "governance/system",
      "decision_status": null,
      "path": "docs/governance/COMMAND_SAFETY_POLICY.md",
      "registry": {
        "doc_class": "governance/system",
        "owner": "maintainers",
        "registered": true,
        "review_policy": null,
        "scope": "in-scope",
        "status": "active",
        "summary": null
      },
      "registry_status": "active",
      "status": null,
      "status_date": "2026-07-08",
      "superseded_by": null
    },
    {
      "age_days": null,
      "class": "governance/system",
      "decision_status": "accepted",
      "path": "docs/governance/COMPILED_AGENT_CONTEXT.md",
      "registry": {
        "doc_class": "governance/system",
        "owner": "maintainers",
        "registered": true,
        "review_policy": null,
        "scope": "in-scope",
        "status": "active",
        "summary": null
      },
      "registry_status": "active",
      "status": "active",
      "status_date": null,
      "superseded_by": null
    },
    {
      "age_days": 65,
      "class": "governance/system",
      "decision_status": null,
      "path": "docs/governance/DOCUMENTATION_REGISTRY_CONTRACT.md",
      "registry": {
        "doc_class": "governance/system",
        "owner": "maintainers",
        "registered": true,
        "review_policy": null,
        "scope": "in-scope",
        "status": null,
        "summary": null
      },
      "registry_status": null,
      "status": "experimental governance schema baseline",
      "status_date": "2026-05-23",
      "superseded_by": null
    },
    {
      "age_days": null,
      "class": "governance/system",
      "decision_status": null,
      "path": "docs/governance/DOCUMENTATION_SYSTEM_AUDIT_CONTRACT.md",
      "registry": {
        "doc_class": "governance/system",
        "owner": "maintainers",
        "registered": true,
        "review_policy": null,
        "scope": "in-scope",
        "status": "active",
        "summary": null
      },
      "registry_status": "active",
      "status": "active governance contract",
      "status_date": null,
      "superseded_by": null
    },
    {
      "age_days": 19,
      "class": "governance/system",
      "decision_status": "decided 2026-07-08",
      "path": "docs/governance/DOC_REGISTRY_SCOPE_DECISION.md",
      "registry": {
        "doc_class": "governance/system",
        "owner": "maintainers",
        "registered": true,
        "review_policy": null,
        "scope": "in-scope",
        "status": "active",
        "summary": null
      },
      "registry_status": "active",
      "status": "decided",
      "status_date": "2026-07-08",
      "superseded_by": null
    },
    {
      "age_days": null,
      "class": "governance/system",
      "decision_status": null,
      "path": "docs/governance/FINAL_SUMMARY_CONTRACT.md",
      "registry": {
        "doc_class": "governance/system",
        "owner": "maintainers",
        "registered": true,
        "review_policy": null,
        "scope": "in-scope",
        "status": "active",
        "summary": null
      },
      "registry_status": "active",
      "status": null,
      "status_date": null,
      "superseded_by": null
    },
    {
      "age_days": 63,
      "class": "governance/system",
      "decision_status": null,
      "path": "docs/governance/FINAL_SUMMARY_CONTRACT_FINALIZE_LOG_ADDENDUM.md",
      "registry": {
        "doc_class": "governance/system",
        "owner": "maintainers",
        "registered": true,
        "review_policy": null,
        "scope": "in-scope",
        "status": "active",
        "summary": null
      },
      "registry_status": "active",
      "status": "active governance addendum",
      "status_date": "2026-05-25",
      "superseded_by": null
    },
    {
      "age_days": 18,
      "class": "governance/system",
      "decision_status": "accepted",
      "path": "docs/governance/GOVERNANCE_CHECK.md",
      "registry": {
        "doc_class": "governance/system",
        "owner": "maintainers",
        "registered": true,
        "review_policy": "required",
        "scope": "in-scope",
        "status": "active",
        "summary": "Active governance check contract for read-only constitutional validation."
      },
      "registry_status": "active",
      "status": "active",
      "status_date": "2026-07-09",
      "superseded_by": "n/a"
    },
    {
      "age_days": 65,
      "class": "governance/system",
      "decision_status": null,
      "path": "docs/governance/HANDOFF_PROMPT_FRESHNESS_GUARD.md",
      "registry": {
        "doc_class": "governance/system",
        "owner": "maintainers",
        "registered": true,
        "review_policy": null,
        "scope": "in-scope",
        "status": "active",
        "summary": null
      },
      "registry_status": "active",
      "status": "normative governance contract",
      "status_date": "2026-05-23",
      "superseded_by": null
    },
    {
      "age_days": 65,
      "class": "governance/system",
      "decision_status": null,
      "path": "docs/governance/MERGE_READINESS_CONTRACT.md",
      "registry": {
        "doc_class": "governance/system",
        "owner": "maintainers",
        "registered": true,
        "review_policy": null,
        "scope": "in-scope",
        "status": "active",
        "summary": null
      },
      "registry_status": "active",
      "status": null,
      "status_date": "2026-05-23",
      "superseded_by": null
    },
    {
      "age_days": null,
      "class": "governance/system",
      "decision_status": null,
      "path": "docs/governance/PATCH_FAILURE_DIAGNOSIS_POLICY.md",
      "registry": {
        "doc_class": "governance/system",
        "owner": "maintainers",
        "registered": true,
        "review_policy": null,
        "scope": "in-scope",
        "status": "active",
        "summary": null
      },
      "registry_status": "active",
      "status": null,
      "status_date": null,
      "superseded_by": null
    },
    {
      "age_days": 18,
      "class": "governance/system",
      "decision_status": null,
      "path": "docs/governance/PORTABILITY_AND_OPERATIONAL_RULES.md",
      "registry": {
        "doc_class": "governance/system",
        "owner": "maintainers",
        "registered": true,
        "review_policy": null,
        "scope": "in-scope",
        "status": "active",
        "summary": "Active governance rule set for portability and operational behavior."
      },
      "registry_status": "active",
      "status": "active",
      "status_date": "2026-07-09",
      "superseded_by": "n/a"
    },
    {
      "age_days": 64,
      "class": "governance/system",
      "decision_status": null,
      "path": "docs/governance/PORTABLE_CHAT_EXECUTION_CONTRACT.md",
      "registry": {
        "doc_class": "governance/system",
        "owner": "maintainers",
        "registered": true,
        "review_policy": null,
        "scope": "in-scope",
        "status": "active",
        "summary": null
      },
      "registry_status": "active",
      "status": "normative governance contract",
      "status_date": "2026-05-24",
      "superseded_by": null
    },
    {
      "age_days": null,
      "class": "governance/system",
      "decision_status": null,
      "path": "docs/governance/PROTECTED_CONTROL_FILE_CHANGE_CONTRACT.md",
      "registry": {
        "doc_class": "governance/system",
        "owner": "maintainers",
        "registered": true,
        "review_policy": null,
        "scope": "in-scope",
        "status": "active",
        "summary": null
      },
      "registry_status": "active",
      "status": "active",
      "status_date": null,
      "superseded_by": null
    },
    {
      "age_days": 18,
      "class": "governance/system",
      "decision_status": "accepted",
      "path": "docs/governance/PR_CLOSEOUT_GATE.md",
      "registry": {
        "doc_class": "governance/system",
        "owner": "maintainers",
        "registered": true,
        "review_policy": "required",
        "scope": "in-scope",
        "status": "active",
        "summary": "Active governance gate preventing ready PRs from being treated as generic continuation work."
      },
      "registry_status": "active",
      "status": "active",
      "status_date": "2026-07-09",
      "superseded_by": "n/a"
    },
    {
      "age_days": 18,
      "class": "governance/system",
      "decision_status": null,
      "path": "docs/governance/REMOTE_INSPECTION_EVIDENCE_RULES.md",
      "registry": {
        "doc_class": "governance/system",
        "owner": "maintainers",
        "registered": true,
        "review_policy": null,
        "scope": "in-scope",
        "status": "active",
        "summary": null
      },
      "registry_status": "active",
      "status": "active",
      "status_date": "2026-07-09",
      "superseded_by": "n/a"
    },
    {
      "age_days": 18,
      "class": "operational/automation",
      "decision_status": null,
      "path": "docs/governance/RULE_GOVERNANCE.md",
      "registry": {
        "doc_class": "operational/automation",
        "owner": "maintainers",
        "registered": true,
        "review_policy": "required",
        "scope": "in-scope",
        "status": "active",
        "summary": "Active workflow runbook; workflow authority is not folded into project_direction.yaml."
      },
      "registry_status": "active",
      "status": "active",
      "status_date": "2026-07-09",
      "superseded_by": "n/a"
    },
    {
      "age_days": 19,
      "class": "governance/system",
      "decision_status": null,
      "path": "docs/governance/RULE_REFRESH_HANDSHAKE_CONTRACT.md",
      "registry": {
        "doc_class": "governance/system",
        "owner": "maintainers",
        "registered": true,
        "review_policy": null,
        "scope": "in-scope",
        "status": "active",
        "summary": null
      },
      "registry_status": "active",
      "status": null,
      "status_date": "2026-07-08",
      "superseded_by": null
    },
    {
      "age_days": 19,
      "class": "governance/system",
      "decision_status": "accepted",
      "path": "docs/governance/RULE_SOURCE_VALIDATOR_JSON_CONTRACT.md",
      "registry": {
        "doc_class": "governance/system",
        "owner": "maintainers",
        "registered": true,
        "review_policy": null,
        "scope": "in-scope",
        "status": "active",
        "summary": null
      },
      "registry_status": "active",
      "status": "active",
      "status_date": "2026-07-08",
      "superseded_by": null
    },
    {
      "age_days": null,
      "class": "governance/system",
      "decision_status": null,
      "path": "docs/governance/STANDARD_ERROR_PREVENTION.md",
      "registry": {
        "doc_class": "governance/system",
        "owner": "maintainers",
        "registered": true,
        "review_policy": null,
        "scope": "in-scope",
        "status": "active",
        "summary": null
      },
      "registry_status": "active",
      "status": null,
      "status_date": null,
      "superseded_by": null
    },
    {
      "age_days": 18,
      "class": "governance/system",
      "decision_status": null,
      "path": "docs/governance/TERMINAL_LOG_HANDOFF_RULE.md",
      "registry": {
        "doc_class": "governance/system",
        "owner": "maintainers",
        "registered": true,
        "review_policy": "required",
        "scope": "in-scope",
        "status": "active",
        "summary": "Active governance rule for bounded terminal-log evidence handoff after long local runs."
      },
      "registry_status": "active",
      "status": "active",
      "status_date": "2026-07-09",
      "superseded_by": "n/a"
    },
    {
      "age_days": null,
      "class": "governance/system",
      "decision_status": null,
      "path": "docs/governance/TERMINAL_SAFETY.md",
      "registry": {
        "doc_class": "governance/system",
        "owner": "maintainers",
        "registered": true,
        "review_policy": null,
        "scope": "in-scope",
        "status": "active",
        "summary": null
      },
      "registry_status": "active",
      "status": null,
      "status_date": null,
      "superseded_by": null
    },
    {
      "age_days": 18,
      "class": "governance/system",
      "decision_status": null,
      "path": "docs/governance/TYPED_WORK_ORDER_EVIDENCE_CONTRACT.md",
      "registry": {
        "doc_class": "governance/system",
        "owner": "maintainers",
        "registered": true,
        "review_policy": "required",
        "scope": "in-scope",
        "status": "active",
        "summary": "Active governance contract for typed work orders and required execution evidence."
      },
      "registry_status": "active",
      "status": "active",
      "status_date": "2026-07-09",
      "superseded_by": "n/a"
    },
    {
      "age_days": 19,
      "class": "governance/system",
      "decision_status": "accepted",
      "path": "docs/governance/WORK_ORDER_WORKFLOW_CONTRACT.md",
      "registry": {
        "doc_class": "governance/system",
        "owner": "maintainers",
        "registered": true,
        "review_policy": null,
        "scope": "in-scope",
        "status": "active",
        "summary": null
      },
      "registry_status": "active",
      "status": "active",
      "status_date": "2026-07-08",
      "superseded_by": null
    },
    {
      "age_days": null,
      "class": "operational/automation",
      "decision_status": null,
      "path": "docs/handoff/CLOSEOUT_BEFORE_CHAT_SWITCH_PROMPT.md",
      "registry": {
        "doc_class": "operational/automation",
        "owner": "maintainers",
        "registered": true,
        "review_policy": null,
        "scope": "in-scope",
        "status": "active",
        "summary": null
      },
      "registry_status": "active",
      "status": null,
      "status_date": null,
      "superseded_by": null
    },
    {
      "age_days": 61,
      "class": "planning",
      "decision_status": null,
      "path": "docs/handoff/CURRENT_HANDOFF.md",
      "registry": {
        "doc_class": "planning",
        "owner": "maintainers",
        "registered": true,
        "review_policy": null,
        "scope": "in-scope",
        "status": null,
        "summary": null
      },
      "registry_status": null,
      "status": null,
      "status_date": "2026-05-27",
      "superseded_by": null
    },
    {
      "age_days": null,
      "class": "generated artifact",
      "decision_status": null,
      "path": "docs/handoff/NEXT_CHAT_BOOTSTRAP.md",
      "registry": {
        "doc_class": "generated artifact",
        "owner": "automation",
        "registered": true,
        "review_policy": null,
        "scope": "in-scope",
        "status": "active",
        "summary": null
      },
      "registry_status": "active",
      "status": null,
      "status_date": null,
      "superseded_by": null
    },
    {
      "age_days": null,
      "class": "generated artifact",
      "decision_status": null,
      "path": "docs/handoff/START_NEW_CHAT_PROMPT.md",
      "registry": {
        "doc_class": "generated artifact",
        "owner": "automation",
        "registered": true,
        "review_policy": null,
        "scope": "in-scope",
        "status": "active",
        "summary": null
      },
      "registry_status": "active",
      "status": null,
      "status_date": null,
      "superseded_by": null
    },
    {
      "age_days": 16,
      "class": "planning",
      "decision_status": "accepted",
      "path": "docs/planning/MASTER_IMPLEMENTATION_Q.md",
      "registry": {
        "doc_class": "planning",
        "owner": "maintainers",
        "registered": true,
        "review_policy": null,
        "scope": "in-scope",
        "status": null,
        "summary": null
      },
      "registry_status": null,
      "status": "active",
      "status_date": "2026-07-11",
      "superseded_by": null
    },
    {
      "age_days": null,
      "class": "planning",
      "decision_status": "accepted",
      "path": "docs/planning/PROJECT_DIRECTION.md",
      "registry": {
        "doc_class": "planning",
        "owner": "maintainers",
        "registered": true,
        "review_policy": "required",
        "scope": "in-scope",
        "status": "active",
        "summary": "Human-readable orientation view pointing to PROJECT_DIRECTION.yaml; not an independent planning authority."
      },
      "registry_status": "active",
      "status": "active",
      "status_date": null,
      "superseded_by": null
    },
    {
      "age_days": 18,
      "class": "architecture",
      "decision_status": null,
      "path": "docs/reference/AGENTIC_CODING_RESEARCH_INPUTS.md",
      "registry": {
        "doc_class": "architecture",
        "owner": "maintainers",
        "registered": true,
        "review_policy": null,
        "scope": "in-scope",
        "status": "active",
        "summary": null
      },
      "registry_status": "active",
      "status": "active",
      "status_date": "2026-07-09",
      "superseded_by": "n/a"
    },
    {
      "age_days": null,
      "class": "user-facing description",
      "decision_status": null,
      "path": "docs/reference/AGENTIC_KIT_COMMANDS.md",
      "registry": {
        "doc_class": "user-facing description",
        "owner": "maintainers",
        "registered": true,
        "review_policy": null,
        "scope": "in-scope",
        "status": "active",
        "summary": null
      },
      "registry_status": "active",
      "status": null,
      "status_date": null,
      "superseded_by": null
    },
    {
      "age_days": 19,
      "class": "user-facing description",
      "decision_status": "proposed",
      "path": "docs/reference/GUI_GATEKEEPER_IMPLEMENTATION_INVENTORY.md",
      "registry": {
        "doc_class": "user-facing description",
        "owner": "maintainers",
        "registered": true,
        "review_policy": null,
        "scope": "in-scope",
        "status": "active",
        "summary": null
      },
      "registry_status": "active",
      "status": "proposed",
      "status_date": "2026-07-08",
      "superseded_by": null
    },
    {
      "age_days": null,
      "class": "user-facing description",
      "decision_status": null,
      "path": "docs/reference/HUMAN_WORKFLOW_COMMANDS.md",
      "registry": {
        "doc_class": "user-facing description",
        "owner": "maintainers",
        "registered": true,
        "review_policy": null,
        "scope": "in-scope",
        "status": "active",
        "summary": null
      },
      "registry_status": "active",
      "status": null,
      "status_date": null,
      "superseded_by": null
    },
    {
      "age_days": 18,
      "class": "operational/automation",
      "decision_status": null,
      "path": "docs/reference/TRANSFER_TEST_PLAN.md",
      "registry": {
        "doc_class": "operational/automation",
        "owner": "maintainers",
        "registered": true,
        "review_policy": null,
        "scope": "in-scope",
        "status": "active",
        "summary": "Active transfer-mode test reference for remote, file-transfer, and Copy-and-Paste recovery paths."
      },
      "registry_status": "active",
      "status": "active",
      "status_date": "2026-07-09",
      "superseded_by": "n/a"
    },
    {
      "age_days": 18,
      "class": "operational/automation",
      "decision_status": null,
      "path": "docs/reference/bounded-workflow-evidence.md",
      "registry": {
        "doc_class": "operational/automation",
        "owner": "maintainers",
        "registered": true,
        "review_policy": null,
        "scope": "in-scope",
        "status": "active",
        "summary": "Reference pattern for bounded workflow evidence capture."
      },
      "registry_status": "active",
      "status": "active",
      "status_date": "2026-07-09",
      "superseded_by": "n/a"
    },
    {
      "age_days": 18,
      "class": "governance/system",
      "decision_status": null,
      "path": "docs/reference/hidden-autopilot.md",
      "registry": {
        "doc_class": "governance/system",
        "owner": "maintainers",
        "registered": true,
        "review_policy": null,
        "scope": "in-scope",
        "status": "active",
        "summary": null
      },
      "registry_status": "active",
      "status": "active",
      "status_date": "2026-07-09",
      "superseded_by": "n/a"
    },
    {
      "age_days": 18,
      "class": "release",
      "decision_status": null,
      "path": "docs/releases/VERIFIED_RELEASES.md",
      "registry": {
        "doc_class": "release",
        "owner": "maintainers",
        "registered": true,
        "review_policy": null,
        "scope": "in-scope",
        "status": null,
        "summary": null
      },
      "registry_status": null,
      "status": "active",
      "status_date": "2026-07-09",
      "superseded_by": "n/a"
    },
    {
      "age_days": 18,
      "class": "operational/automation",
      "decision_status": null,
      "path": "docs/workflow/COMMUNICATION_ARTIFACT_GC.md",
      "registry": {
        "doc_class": "operational/automation",
        "owner": "maintainers",
        "registered": true,
        "review_policy": null,
        "scope": "in-scope",
        "status": "active",
        "summary": null
      },
      "registry_status": "active",
      "status": "active",
      "status_date": "2026-07-09",
      "superseded_by": "n/a"
    },
    {
      "age_days": 18,
      "class": "operational/automation",
      "decision_status": null,
      "path": "docs/workflow/CONTROL_MODEL.md",
      "registry": {
        "doc_class": "operational/automation",
        "owner": "maintainers",
        "registered": true,
        "review_policy": "required",
        "scope": "in-scope",
        "status": "active",
        "summary": "Active workflow runbook; workflow authority is not folded into project_direction.yaml."
      },
      "registry_status": "active",
      "status": "active",
      "status_date": "2026-07-09",
      "superseded_by": "n/a"
    },
    {
      "age_days": 18,
      "class": "operational/automation",
      "decision_status": "accepted",
      "path": "docs/workflow/HANDOFF_STATE.md",
      "registry": {
        "doc_class": "operational/automation",
        "owner": "maintainers",
        "registered": true,
        "review_policy": "required",
        "scope": "in-scope",
        "status": "active",
        "summary": "Active workflow runbook; workflow authority is not folded into project_direction.yaml."
      },
      "registry_status": "active",
      "status": "active",
      "status_date": "2026-07-09",
      "superseded_by": "n/a"
    },
    {
      "age_days": 18,
      "class": "operational/automation",
      "decision_status": "accepted",
      "path": "docs/workflow/NO_COPY_TERMINAL_EVIDENCE.md",
      "registry": {
        "doc_class": "operational/automation",
        "owner": "maintainers",
        "registered": true,
        "review_policy": null,
        "scope": "in-scope",
        "status": "active",
        "summary": null
      },
      "registry_status": "active",
      "status": "active",
      "status_date": "2026-07-09",
      "superseded_by": "n/a"
    },
    {
      "age_days": 18,
      "class": "operational/automation",
      "decision_status": "accepted",
      "path": "docs/workflow/PARAMETERIZED_ACTIONS.md",
      "registry": {
        "doc_class": "operational/automation",
        "owner": "maintainers",
        "registered": true,
        "review_policy": "required",
        "scope": "in-scope",
        "status": "active",
        "summary": "Active workflow runbook; workflow authority is not folded into project_direction.yaml."
      },
      "registry_status": "active",
      "status": "active",
      "status_date": "2026-07-09",
      "superseded_by": "n/a"
    },
    {
      "age_days": 18,
      "class": "operational/automation",
      "decision_status": null,
      "path": "docs/workflow/REPO_COMMAND_RUNNER.md",
      "registry": {
        "doc_class": "operational/automation",
        "owner": "maintainers",
        "registered": true,
        "review_policy": "required",
        "scope": "in-scope",
        "status": "active",
        "summary": "Active workflow runbook; workflow authority is not folded into project_direction.yaml."
      },
      "registry_status": "active",
      "status": "active",
      "status_date": "2026-07-09",
      "superseded_by": "n/a"
    },
    {
      "age_days": 18,
      "class": "operational/automation",
      "decision_status": null,
      "path": "docs/workflow/TEXT_TRANSFER_RUNNER.md",
      "registry": {
        "doc_class": "operational/automation",
        "owner": "maintainers",
        "registered": true,
        "review_policy": "required",
        "scope": "in-scope",
        "status": "active",
        "summary": "Active workflow runbook; workflow authority is not folded into project_direction.yaml."
      },
      "registry_status": "active",
      "status": "active",
      "status_date": "2026-07-09",
      "superseded_by": "n/a"
    },
    {
      "age_days": 18,
      "class": "operational/automation",
      "decision_status": null,
      "path": "docs/workflow/WORKFLOW_GUARD.md",
      "registry": {
        "doc_class": "operational/automation",
        "owner": "maintainers",
        "registered": true,
        "review_policy": "required",
        "scope": "in-scope",
        "status": "active",
        "summary": "Active workflow runbook; workflow authority is not folded into project_direction.yaml."
      },
      "registry_status": "active",
      "status": "active",
      "status_date": "2026-07-09",
      "superseded_by": "n/a"
    },
    {
      "age_days": 18,
      "class": "operational/automation",
      "decision_status": "accepted",
      "path": "docs/workflow/WORK_ORDERS.md",
      "registry": {
        "doc_class": "operational/automation",
        "owner": "maintainers",
        "registered": true,
        "review_policy": "required",
        "scope": "in-scope",
        "status": "active",
        "summary": "Active workflow runbook; workflow authority is not folded into project_direction.yaml."
      },
      "registry_status": "active",
      "status": "active",
      "status_date": "2026-07-09",
      "superseded_by": "n/a"
    },
    {
      "age_days": 18,
      "class": "operational/automation",
      "decision_status": "accepted",
      "path": "docs/workflow/WORK_ORDER_PREPARE.md",
      "registry": {
        "doc_class": "operational/automation",
        "owner": "maintainers",
        "registered": true,
        "review_policy": "required",
        "scope": "in-scope",
        "status": "active",
        "summary": "Active workflow runbook; workflow authority is not folded into project_direction.yaml."
      },
      "registry_status": "active",
      "status": "active",
      "status_date": "2026-07-09",
      "superseded_by": "n/a"
    },
    {
      "age_days": 18,
      "class": "operational/automation",
      "decision_status": "accepted",
      "path": "docs/workflow/WORK_ORDER_TEMPLATES.md",
      "registry": {
        "doc_class": "operational/automation",
        "owner": "maintainers",
        "registered": true,
        "review_policy": "required",
        "scope": "in-scope",
        "status": "active",
        "summary": "Active workflow runbook; workflow authority is not folded into project_direction.yaml."
      },
      "registry_status": "active",
      "status": "active",
      "status_date": "2026-07-09",
      "superseded_by": "n/a"
    }
  ],
  "findings": [
    {
      "code": "HEADER_MISSING",
      "message": "missing lifecycle header field(s): Status-date",
      "path": "docs/planning/PROJECT_DIRECTION.md",
      "severity": "WARN"
    },
    {
      "code": "HEADER_MISSING",
      "message": "missing lifecycle header field(s): Status, Status-date",
      "path": "CHANGELOG.md",
      "severity": "WARN"
    },
    {
      "code": "HEADER_MISSING",
      "message": "missing lifecycle header field(s): Status, Status-date",
      "path": "README.md",
      "severity": "WARN"
    },
    {
      "code": "HEADER_MISSING",
      "message": "missing lifecycle header field(s): Status",
      "path": "docs/STATUS.md",
      "severity": "WARN"
    },
    {
      "code": "HEADER_MISSING",
      "message": "missing lifecycle header field(s): Status",
      "path": "docs/TEST_GATES.md",
      "severity": "WARN"
    },
    {
      "code": "HEADER_MISSING",
      "message": "missing lifecycle header field(s): Status-date",
      "path": "docs/architecture/ARCHITECTURE_CONTRACT.md",
      "severity": "WARN"
    },
    {
      "code": "HEADER_MISSING",
      "message": "missing lifecycle header field(s): Status-date",
      "path": "docs/architecture/DOCUMENTATION_INFORMATION_ARCHITECTURE.md",
      "severity": "WARN"
    },
    {
      "code": "HEADER_REGISTRY_MISMATCH",
      "message": "header status 'architecture contract' differs from registry status 'active'",
      "path": "docs/architecture/DOCUMENTATION_INFORMATION_ARCHITECTURE.md",
      "severity": "WARN"
    },
    {
      "code": "HEADER_MISSING",
      "message": "missing lifecycle header field(s): Status-date",
      "path": "docs/architecture/KIT_AS_OS_ARCHITECTURE.md",
      "severity": "WARN"
    },
    {
      "code": "HEADER_MISSING",
      "message": "missing lifecycle header field(s): Status-date",
      "path": "docs/architecture/evidence/command-manifest-audit-2026-07-11-cm4.md",
      "severity": "WARN"
    },
    {
      "code": "HEADER_MISSING",
      "message": "missing lifecycle header field(s): Status, Status-date",
      "path": "docs/architecture/evidence/legacy-profile-deprecation-2026-07-11-p5d.md",
      "severity": "WARN"
    },
    {
      "code": "HEADER_MISSING",
      "message": "missing lifecycle header field(s): Status, Status-date",
      "path": "docs/architecture/evidence/mutation-lock-coverage-2026-07-11-lc1.md",
      "severity": "WARN"
    },
    {
      "code": "HEADER_MISSING",
      "message": "missing lifecycle header field(s): Status-date",
      "path": "docs/architecture/evidence/mutation-lock-coverage-2026-07-11-post-lc3.md",
      "severity": "WARN"
    },
    {
      "code": "HEADER_MISSING",
      "message": "missing lifecycle header field(s): Status, Status-date",
      "path": "docs/architecture/evidence/path-literal-active-enforcement-2026-07-11-p5b.md",
      "severity": "WARN"
    },
    {
      "code": "HEADER_MISSING",
      "message": "missing lifecycle header field(s): Status, Status-date",
      "path": "docs/architecture/evidence/path-literal-audit-2026-07-04-post-p1.md",
      "severity": "WARN"
    },
    {
      "code": "HEADER_MISSING",
      "message": "missing lifecycle header field(s): Status, Status-date",
      "path": "docs/architecture/evidence/path-literal-audit-2026-07-04-post-s6-transfer-split.md",
      "severity": "WARN"
    },
    {
      "code": "HEADER_MISSING",
      "message": "missing lifecycle header field(s): Status, Status-date",
      "path": "docs/architecture/evidence/path-literal-audit-2026-07-04-post-s6.md",
      "severity": "WARN"
    },
    {
      "code": "HEADER_MISSING",
      "message": "missing lifecycle header field(s): Status, Status-date",
      "path": "docs/architecture/evidence/path-literal-audit-2026-07-04.md",
      "severity": "WARN"
    },
    {
      "code": "HEADER_MISSING",
      "message": "missing lifecycle header field(s): Status, Status-date",
      "path": "docs/architecture/evidence/path-literal-audit-2026-07-10-post-p4b.md",
      "severity": "WARN"
    },
    {
      "code": "HEADER_MISSING",
      "message": "missing lifecycle header field(s): Status, Status-date",
      "path": "docs/architecture/evidence/remote-branch-hygiene-2026-07-11.md",
      "severity": "WARN"
    },
    {
      "code": "HEADER_REGISTRY_MISMATCH",
      "message": "header status 'normative governance contract' differs from registry status 'active'",
      "path": "docs/governance/CHAT_BOOTSTRAP_AND_DRIFT_CONTRACT.md",
      "severity": "WARN"
    },
    {
      "code": "HEADER_REGISTRY_MISMATCH",
      "message": "header status 'normative governance contract' differs from registry status 'active'",
      "path": "docs/governance/CHAT_COMMUNICATION_CONTRACT.md",
      "severity": "WARN"
    },
    {
      "code": "HEADER_MISSING",
      "message": "missing lifecycle header field(s): Status, Status-date",
      "path": "docs/governance/COMMAND_REFERENCE_REGISTRY_CONTRACT.md",
      "severity": "WARN"
    },
    {
      "code": "HEADER_MISSING",
      "message": "missing lifecycle header field(s): Status",
      "path": "docs/governance/COMMAND_SAFETY_POLICY.md",
      "severity": "WARN"
    },
    {
      "code": "HEADER_MISSING",
      "message": "missing lifecycle header field(s): Status-date",
      "path": "docs/governance/COMPILED_AGENT_CONTEXT.md",
      "severity": "WARN"
    },
    {
      "code": "HEADER_MISSING",
      "message": "missing lifecycle header field(s): Status-date",
      "path": "docs/governance/DOCUMENTATION_SYSTEM_AUDIT_CONTRACT.md",
      "severity": "WARN"
    },
    {
      "code": "HEADER_REGISTRY_MISMATCH",
      "message": "header status 'active governance contract' differs from registry status 'active'",
      "path": "docs/governance/DOCUMENTATION_SYSTEM_AUDIT_CONTRACT.md",
      "severity": "WARN"
    },
    {
      "code": "HEADER_REGISTRY_MISMATCH",
      "message": "header status 'decided' differs from registry status 'active'",
      "path": "docs/governance/DOC_REGISTRY_SCOPE_DECISION.md",
      "severity": "WARN"
    },
    {
      "code": "HEADER_MISSING",
      "message": "missing lifecycle header field(s): Status, Status-date",
      "path": "docs/governance/FINAL_SUMMARY_CONTRACT.md",
      "severity": "WARN"
    },
    {
      "code": "HEADER_REGISTRY_MISMATCH",
      "message": "header status 'active governance addendum' differs from registry status 'active'",
      "path": "docs/governance/FINAL_SUMMARY_CONTRACT_FINALIZE_LOG_ADDENDUM.md",
      "severity": "WARN"
    },
    {
      "code": "HEADER_REGISTRY_MISMATCH",
      "message": "header status 'normative governance contract' differs from registry status 'active'",
      "path": "docs/governance/HANDOFF_PROMPT_FRESHNESS_GUARD.md",
      "severity": "WARN"
    },
    {
      "code": "HEADER_MISSING",
      "message": "missing lifecycle header field(s): Status",
      "path": "docs/governance/MERGE_READINESS_CONTRACT.md",
      "severity": "WARN"
    },
    {
      "code": "HEADER_MISSING",
      "message": "missing lifecycle header field(s): Status, Status-date",
      "path": "docs/governance/PATCH_FAILURE_DIAGNOSIS_POLICY.md",
      "severity": "WARN"
    },
    {
      "code": "HEADER_REGISTRY_MISMATCH",
      "message": "header status 'normative governance contract' differs from registry status 'active'",
      "path": "docs/governance/PORTABLE_CHAT_EXECUTION_CONTRACT.md",
      "severity": "WARN"
    },
    {
      "code": "HEADER_MISSING",
      "message": "missing lifecycle header field(s): Status-date",
      "path": "docs/governance/PROTECTED_CONTROL_FILE_CHANGE_CONTRACT.md",
      "severity": "WARN"
    },
    {
      "code": "HEADER_MISSING",
      "message": "missing lifecycle header field(s): Status",
      "path": "docs/governance/RULE_REFRESH_HANDSHAKE_CONTRACT.md",
      "severity": "WARN"
    },
    {
      "code": "HEADER_MISSING",
      "message": "missing lifecycle header field(s): Status, Status-date",
      "path": "docs/governance/STANDARD_ERROR_PREVENTION.md",
      "severity": "WARN"
    },
    {
      "code": "HEADER_MISSING",
      "message": "missing lifecycle header field(s): Status, Status-date",
      "path": "docs/governance/TERMINAL_SAFETY.md",
      "severity": "WARN"
    },
    {
      "code": "HEADER_MISSING",
      "message": "missing lifecycle header field(s): Status, Status-date",
      "path": "docs/handoff/CLOSEOUT_BEFORE_CHAT_SWITCH_PROMPT.md",
      "severity": "WARN"
    },
    {
      "code": "HEADER_MISSING",
      "message": "missing lifecycle header field(s): Status",
      "path": "docs/handoff/CURRENT_HANDOFF.md",
      "severity": "WARN"
    },
    {
      "code": "HEADER_MISSING",
      "message": "missing lifecycle header field(s): Status, Status-date",
      "path": "docs/handoff/NEXT_CHAT_BOOTSTRAP.md",
      "severity": "WARN"
    },
    {
      "code": "HEADER_MISSING",
      "message": "missing lifecycle header field(s): Status, Status-date",
      "path": "docs/handoff/START_NEW_CHAT_PROMPT.md",
      "severity": "WARN"
    },
    {
      "code": "HEADER_MISSING",
      "message": "missing lifecycle header field(s): Status, Status-date",
      "path": "docs/reference/AGENTIC_KIT_COMMANDS.md",
      "severity": "WARN"
    },
    {
      "code": "HEADER_REGISTRY_MISMATCH",
      "message": "header status 'proposed' differs from registry status 'active'",
      "path": "docs/reference/GUI_GATEKEEPER_IMPLEMENTATION_INVENTORY.md",
      "severity": "WARN"
    },
    {
      "code": "HEADER_MISSING",
      "message": "missing lifecycle header field(s): Status, Status-date",
      "path": "docs/reference/HUMAN_WORKFLOW_COMMANDS.md",
      "severity": "WARN"
    }
  ],
  "kind": "doc_lifecycle_triage_report",
  "mode": "dry-run",
  "proposed_actions": [
    {
      "execute": "false",
      "id": "docs/planning/PROJECT_DIRECTION.md:HEADER_MISSING",
      "operation": "defer",
      "path": "docs/planning/PROJECT_DIRECTION.md",
      "reason": "missing lifecycle header field(s): Status-date",
      "source": "doc-lifecycle-triage"
    },
    {
      "execute": "false",
      "id": "CHANGELOG.md:HEADER_MISSING",
      "operation": "defer",
      "path": "CHANGELOG.md",
      "reason": "missing lifecycle header field(s): Status, Status-date",
      "source": "doc-lifecycle-triage"
    },
    {
      "execute": "false",
      "id": "README.md:HEADER_MISSING",
      "operation": "defer",
      "path": "README.md",
      "reason": "missing lifecycle header field(s): Status, Status-date",
      "source": "doc-lifecycle-triage"
    },
    {
      "execute": "false",
      "id": "docs/STATUS.md:HEADER_MISSING",
      "operation": "defer",
      "path": "docs/STATUS.md",
      "reason": "missing lifecycle header field(s): Status",
      "source": "doc-lifecycle-triage"
    },
    {
      "execute": "false",
      "id": "docs/TEST_GATES.md:HEADER_MISSING",
      "operation": "defer",
      "path": "docs/TEST_GATES.md",
      "reason": "missing lifecycle header field(s): Status",
      "source": "doc-lifecycle-triage"
    },
    {
      "execute": "false",
      "id": "docs/architecture/ARCHITECTURE_CONTRACT.md:HEADER_MISSING",
      "operation": "defer",
      "path": "docs/architecture/ARCHITECTURE_CONTRACT.md",
      "reason": "missing lifecycle header field(s): Status-date",
      "source": "doc-lifecycle-triage"
    },
    {
      "execute": "false",
      "id": "docs/architecture/DOCUMENTATION_INFORMATION_ARCHITECTURE.md:HEADER_MISSING",
      "operation": "defer",
      "path": "docs/architecture/DOCUMENTATION_INFORMATION_ARCHITECTURE.md",
      "reason": "missing lifecycle header field(s): Status-date",
      "source": "doc-lifecycle-triage"
    },
    {
      "execute": "false",
      "id": "docs/architecture/DOCUMENTATION_INFORMATION_ARCHITECTURE.md:HEADER_REGISTRY_MISMATCH",
      "operation": "defer",
      "path": "docs/architecture/DOCUMENTATION_INFORMATION_ARCHITECTURE.md",
      "reason": "header status 'architecture contract' differs from registry status 'active'",
      "source": "doc-lifecycle-triage"
    },
    {
      "execute": "false",
      "id": "docs/architecture/KIT_AS_OS_ARCHITECTURE.md:HEADER_MISSING",
      "operation": "defer",
      "path": "docs/architecture/KIT_AS_OS_ARCHITECTURE.md",
      "reason": "missing lifecycle header field(s): Status-date",
      "source": "doc-lifecycle-triage"
    },
    {
      "execute": "false",
      "id": "docs/architecture/evidence/command-manifest-audit-2026-07-11-cm4.md:HEADER_MISSING",
      "operation": "defer",
      "path": "docs/architecture/evidence/command-manifest-audit-2026-07-11-cm4.md",
      "reason": "missing lifecycle header field(s): Status-date",
      "source": "doc-lifecycle-triage"
    },
    {
      "execute": "false",
      "id": "docs/architecture/evidence/legacy-profile-deprecation-2026-07-11-p5d.md:HEADER_MISSING",
      "operation": "defer",
      "path": "docs/architecture/evidence/legacy-profile-deprecation-2026-07-11-p5d.md",
      "reason": "missing lifecycle header field(s): Status, Status-date",
      "source": "doc-lifecycle-triage"
    },
    {
      "execute": "false",
      "id": "docs/architecture/evidence/mutation-lock-coverage-2026-07-11-lc1.md:HEADER_MISSING",
      "operation": "defer",
      "path": "docs/architecture/evidence/mutation-lock-coverage-2026-07-11-lc1.md",
      "reason": "missing lifecycle header field(s): Status, Status-date",
      "source": "doc-lifecycle-triage"
    },
    {
      "execute": "false",
      "id": "docs/architecture/evidence/mutation-lock-coverage-2026-07-11-post-lc3.md:HEADER_MISSING",
      "operation": "defer",
      "path": "docs/architecture/evidence/mutation-lock-coverage-2026-07-11-post-lc3.md",
      "reason": "missing lifecycle header field(s): Status-date",
      "source": "doc-lifecycle-triage"
    },
    {
      "execute": "false",
      "id": "docs/architecture/evidence/path-literal-active-enforcement-2026-07-11-p5b.md:HEADER_MISSING",
      "operation": "defer",
      "path": "docs/architecture/evidence/path-literal-active-enforcement-2026-07-11-p5b.md",
      "reason": "missing lifecycle header field(s): Status, Status-date",
      "source": "doc-lifecycle-triage"
    },
    {
      "execute": "false",
      "id": "docs/architecture/evidence/path-literal-audit-2026-07-04-post-p1.md:HEADER_MISSING",
      "operation": "defer",
      "path": "docs/architecture/evidence/path-literal-audit-2026-07-04-post-p1.md",
      "reason": "missing lifecycle header field(s): Status, Status-date",
      "source": "doc-lifecycle-triage"
    },
    {
      "execute": "false",
      "id": "docs/architecture/evidence/path-literal-audit-2026-07-04-post-s6-transfer-split.md:HEADER_MISSING",
      "operation": "defer",
      "path": "docs/architecture/evidence/path-literal-audit-2026-07-04-post-s6-transfer-split.md",
      "reason": "missing lifecycle header field(s): Status, Status-date",
      "source": "doc-lifecycle-triage"
    },
    {
      "execute": "false",
      "id": "docs/architecture/evidence/path-literal-audit-2026-07-04-post-s6.md:HEADER_MISSING",
      "operation": "defer",
      "path": "docs/architecture/evidence/path-literal-audit-2026-07-04-post-s6.md",
      "reason": "missing lifecycle header field(s): Status, Status-date",
      "source": "doc-lifecycle-triage"
    },
    {
      "execute": "false",
      "id": "docs/architecture/evidence/path-literal-audit-2026-07-04.md:HEADER_MISSING",
      "operation": "defer",
      "path": "docs/architecture/evidence/path-literal-audit-2026-07-04.md",
      "reason": "missing lifecycle header field(s): Status, Status-date",
      "source": "doc-lifecycle-triage"
    },
    {
      "execute": "false",
      "id": "docs/architecture/evidence/path-literal-audit-2026-07-10-post-p4b.md:HEADER_MISSING",
      "operation": "defer",
      "path": "docs/architecture/evidence/path-literal-audit-2026-07-10-post-p4b.md",
      "reason": "missing lifecycle header field(s): Status, Status-date",
      "source": "doc-lifecycle-triage"
    },
    {
      "execute": "false",
      "id": "docs/architecture/evidence/remote-branch-hygiene-2026-07-11.md:HEADER_MISSING",
      "operation": "defer",
      "path": "docs/architecture/evidence/remote-branch-hygiene-2026-07-11.md",
      "reason": "missing lifecycle header field(s): Status, Status-date",
      "source": "doc-lifecycle-triage"
    },
    {
      "execute": "false",
      "id": "docs/governance/CHAT_BOOTSTRAP_AND_DRIFT_CONTRACT.md:HEADER_REGISTRY_MISMATCH",
      "operation": "defer",
      "path": "docs/governance/CHAT_BOOTSTRAP_AND_DRIFT_CONTRACT.md",
      "reason": "header status 'normative governance contract' differs from registry status 'active'",
      "source": "doc-lifecycle-triage"
    },
    {
      "execute": "false",
      "id": "docs/governance/CHAT_COMMUNICATION_CONTRACT.md:HEADER_REGISTRY_MISMATCH",
      "operation": "defer",
      "path": "docs/governance/CHAT_COMMUNICATION_CONTRACT.md",
      "reason": "header status 'normative governance contract' differs from registry status 'active'",
      "source": "doc-lifecycle-triage"
    },
    {
      "execute": "false",
      "id": "docs/governance/COMMAND_REFERENCE_REGISTRY_CONTRACT.md:HEADER_MISSING",
      "operation": "defer",
      "path": "docs/governance/COMMAND_REFERENCE_REGISTRY_CONTRACT.md",
      "reason": "missing lifecycle header field(s): Status, Status-date",
      "source": "doc-lifecycle-triage"
    },
    {
      "execute": "false",
      "id": "docs/governance/COMMAND_SAFETY_POLICY.md:HEADER_MISSING",
      "operation": "defer",
      "path": "docs/governance/COMMAND_SAFETY_POLICY.md",
      "reason": "missing lifecycle header field(s): Status",
      "source": "doc-lifecycle-triage"
    },
    {
      "execute": "false",
      "id": "docs/governance/COMPILED_AGENT_CONTEXT.md:HEADER_MISSING",
      "operation": "defer",
      "path": "docs/governance/COMPILED_AGENT_CONTEXT.md",
      "reason": "missing lifecycle header field(s): Status-date",
      "source": "doc-lifecycle-triage"
    },
    {
      "execute": "false",
      "id": "docs/governance/DOCUMENTATION_SYSTEM_AUDIT_CONTRACT.md:HEADER_MISSING",
      "operation": "defer",
      "path": "docs/governance/DOCUMENTATION_SYSTEM_AUDIT_CONTRACT.md",
      "reason": "missing lifecycle header field(s): Status-date",
      "source": "doc-lifecycle-triage"
    },
    {
      "execute": "false",
      "id": "docs/governance/DOCUMENTATION_SYSTEM_AUDIT_CONTRACT.md:HEADER_REGISTRY_MISMATCH",
      "operation": "defer",
      "path": "docs/governance/DOCUMENTATION_SYSTEM_AUDIT_CONTRACT.md",
      "reason": "header status 'active governance contract' differs from registry status 'active'",
      "source": "doc-lifecycle-triage"
    },
    {
      "execute": "false",
      "id": "docs/governance/DOC_REGISTRY_SCOPE_DECISION.md:HEADER_REGISTRY_MISMATCH",
      "operation": "defer",
      "path": "docs/governance/DOC_REGISTRY_SCOPE_DECISION.md",
      "reason": "header status 'decided' differs from registry status 'active'",
      "source": "doc-lifecycle-triage"
    },
    {
      "execute": "false",
      "id": "docs/governance/FINAL_SUMMARY_CONTRACT.md:HEADER_MISSING",
      "operation": "defer",
      "path": "docs/governance/FINAL_SUMMARY_CONTRACT.md",
      "reason": "missing lifecycle header field(s): Status, Status-date",
      "source": "doc-lifecycle-triage"
    },
    {
      "execute": "false",
      "id": "docs/governance/FINAL_SUMMARY_CONTRACT_FINALIZE_LOG_ADDENDUM.md:HEADER_REGISTRY_MISMATCH",
      "operation": "defer",
      "path": "docs/governance/FINAL_SUMMARY_CONTRACT_FINALIZE_LOG_ADDENDUM.md",
      "reason": "header status 'active governance addendum' differs from registry status 'active'",
      "source": "doc-lifecycle-triage"
    },
    {
      "execute": "false",
      "id": "docs/governance/HANDOFF_PROMPT_FRESHNESS_GUARD.md:HEADER_REGISTRY_MISMATCH",
      "operation": "defer",
      "path": "docs/governance/HANDOFF_PROMPT_FRESHNESS_GUARD.md",
      "reason": "header status 'normative governance contract' differs from registry status 'active'",
      "source": "doc-lifecycle-triage"
    },
    {
      "execute": "false",
      "id": "docs/governance/MERGE_READINESS_CONTRACT.md:HEADER_MISSING",
      "operation": "defer",
      "path": "docs/governance/MERGE_READINESS_CONTRACT.md",
      "reason": "missing lifecycle header field(s): Status",
      "source": "doc-lifecycle-triage"
    },
    {
      "execute": "false",
      "id": "docs/governance/PATCH_FAILURE_DIAGNOSIS_POLICY.md:HEADER_MISSING",
      "operation": "defer",
      "path": "docs/governance/PATCH_FAILURE_DIAGNOSIS_POLICY.md",
      "reason": "missing lifecycle header field(s): Status, Status-date",
      "source": "doc-lifecycle-triage"
    },
    {
      "execute": "false",
      "id": "docs/governance/PORTABLE_CHAT_EXECUTION_CONTRACT.md:HEADER_REGISTRY_MISMATCH",
      "operation": "defer",
      "path": "docs/governance/PORTABLE_CHAT_EXECUTION_CONTRACT.md",
      "reason": "header status 'normative governance contract' differs from registry status 'active'",
      "source": "doc-lifecycle-triage"
    },
    {
      "execute": "false",
      "id": "docs/governance/PROTECTED_CONTROL_FILE_CHANGE_CONTRACT.md:HEADER_MISSING",
      "operation": "defer",
      "path": "docs/governance/PROTECTED_CONTROL_FILE_CHANGE_CONTRACT.md",
      "reason": "missing lifecycle header field(s): Status-date",
      "source": "doc-lifecycle-triage"
    },
    {
      "execute": "false",
      "id": "docs/governance/RULE_REFRESH_HANDSHAKE_CONTRACT.md:HEADER_MISSING",
      "operation": "defer",
      "path": "docs/governance/RULE_REFRESH_HANDSHAKE_CONTRACT.md",
      "reason": "missing lifecycle header field(s): Status",
      "source": "doc-lifecycle-triage"
    },
    {
      "execute": "false",
      "id": "docs/governance/STANDARD_ERROR_PREVENTION.md:HEADER_MISSING",
      "operation": "defer",
      "path": "docs/governance/STANDARD_ERROR_PREVENTION.md",
      "reason": "missing lifecycle header field(s): Status, Status-date",
      "source": "doc-lifecycle-triage"
    },
    {
      "execute": "false",
      "id": "docs/governance/TERMINAL_SAFETY.md:HEADER_MISSING",
      "operation": "defer",
      "path": "docs/governance/TERMINAL_SAFETY.md",
      "reason": "missing lifecycle header field(s): Status, Status-date",
      "source": "doc-lifecycle-triage"
    },
    {
      "execute": "false",
      "id": "docs/handoff/CLOSEOUT_BEFORE_CHAT_SWITCH_PROMPT.md:HEADER_MISSING",
      "operation": "defer",
      "path": "docs/handoff/CLOSEOUT_BEFORE_CHAT_SWITCH_PROMPT.md",
      "reason": "missing lifecycle header field(s): Status, Status-date",
      "source": "doc-lifecycle-triage"
    },
    {
      "execute": "false",
      "id": "docs/handoff/CURRENT_HANDOFF.md:HEADER_MISSING",
      "operation": "defer",
      "path": "docs/handoff/CURRENT_HANDOFF.md",
      "reason": "missing lifecycle header field(s): Status",
      "source": "doc-lifecycle-triage"
    },
    {
      "execute": "false",
      "id": "docs/handoff/NEXT_CHAT_BOOTSTRAP.md:HEADER_MISSING",
      "operation": "defer",
      "path": "docs/handoff/NEXT_CHAT_BOOTSTRAP.md",
      "reason": "missing lifecycle header field(s): Status, Status-date",
      "source": "doc-lifecycle-triage"
    },
    {
      "execute": "false",
      "id": "docs/handoff/START_NEW_CHAT_PROMPT.md:HEADER_MISSING",
      "operation": "defer",
      "path": "docs/handoff/START_NEW_CHAT_PROMPT.md",
      "reason": "missing lifecycle header field(s): Status, Status-date",
      "source": "doc-lifecycle-triage"
    },
    {
      "execute": "false",
      "id": "docs/reference/AGENTIC_KIT_COMMANDS.md:HEADER_MISSING",
      "operation": "defer",
      "path": "docs/reference/AGENTIC_KIT_COMMANDS.md",
      "reason": "missing lifecycle header field(s): Status, Status-date",
      "source": "doc-lifecycle-triage"
    },
    {
      "execute": "false",
      "id": "docs/reference/GUI_GATEKEEPER_IMPLEMENTATION_INVENTORY.md:HEADER_REGISTRY_MISMATCH",
      "operation": "defer",
      "path": "docs/reference/GUI_GATEKEEPER_IMPLEMENTATION_INVENTORY.md",
      "reason": "header status 'proposed' differs from registry status 'active'",
      "source": "doc-lifecycle-triage"
    },
    {
      "execute": "false",
      "id": "docs/reference/HUMAN_WORKFLOW_COMMANDS.md:HEADER_MISSING",
      "operation": "defer",
      "path": "docs/reference/HUMAN_WORKFLOW_COMMANDS.md",
      "reason": "missing lifecycle header field(s): Status, Status-date",
      "source": "doc-lifecycle-triage"
    },
    {
      "execute": "false",
      "id": "CHANGELOG.md:manual-review",
      "operation": "manual-review",
      "path": "CHANGELOG.md",
      "reason": "status requires manual review",
      "source": "doc-lifecycle-triage"
    },
    {
      "execute": "false",
      "id": "README.md:manual-review",
      "operation": "manual-review",
      "path": "README.md",
      "reason": "status requires manual review",
      "source": "doc-lifecycle-triage"
    },
    {
      "execute": "false",
      "id": "docs/STATUS.md:manual-review",
      "operation": "manual-review",
      "path": "docs/STATUS.md",
      "reason": "status requires manual review",
      "source": "doc-lifecycle-triage"
    },
    {
      "execute": "false",
      "id": "docs/TEST_GATES.md:manual-review",
      "operation": "manual-review",
      "path": "docs/TEST_GATES.md",
      "reason": "status requires manual review",
      "source": "doc-lifecycle-triage"
    },
    {
      "execute": "false",
      "id": "docs/WORKFLOW_OUTPUT_CYCLE.md:confirm-current",
      "operation": "confirm-current",
      "path": "docs/WORKFLOW_OUTPUT_CYCLE.md",
      "reason": "registered lifecycle metadata indicates current document",
      "source": "doc-lifecycle-triage"
    },
    {
      "execute": "false",
      "id": "docs/architecture/ARCHITECTURE_CONTRACT.md:manual-review",
      "operation": "manual-review",
      "path": "docs/architecture/ARCHITECTURE_CONTRACT.md",
      "reason": "status requires manual review",
      "source": "doc-lifecycle-triage"
    },
    {
      "execute": "false",
      "id": "docs/architecture/DOCUMENTATION_INFORMATION_ARCHITECTURE.md:manual-review",
      "operation": "manual-review",
      "path": "docs/architecture/DOCUMENTATION_INFORMATION_ARCHITECTURE.md",
      "reason": "status requires manual review",
      "source": "doc-lifecycle-triage"
    },
    {
      "execute": "false",
      "id": "docs/architecture/KIT_AS_OS_ARCHITECTURE.md:manual-review",
      "operation": "manual-review",
      "path": "docs/architecture/KIT_AS_OS_ARCHITECTURE.md",
      "reason": "status requires manual review",
      "source": "doc-lifecycle-triage"
    },
    {
      "execute": "false",
      "id": "docs/architecture/P5C_PHYSICAL_MIGRATION_PLAN.md:manual-review",
      "operation": "manual-review",
      "path": "docs/architecture/P5C_PHYSICAL_MIGRATION_PLAN.md",
      "reason": "status requires manual review",
      "source": "doc-lifecycle-triage"
    },
    {
      "execute": "false",
      "id": "docs/architecture/evidence/command-manifest-audit-2026-07-11-cm4.md:manual-review",
      "operation": "manual-review",
      "path": "docs/architecture/evidence/command-manifest-audit-2026-07-11-cm4.md",
      "reason": "status requires manual review",
      "source": "doc-lifecycle-triage"
    },
    {
      "execute": "false",
      "id": "docs/architecture/evidence/legacy-profile-deprecation-2026-07-11-p5d.md:manual-review",
      "operation": "manual-review",
      "path": "docs/architecture/evidence/legacy-profile-deprecation-2026-07-11-p5d.md",
      "reason": "status requires manual review",
      "source": "doc-lifecycle-triage"
    },
    {
      "execute": "false",
      "id": "docs/architecture/evidence/mutation-lock-coverage-2026-07-11-lc1.md:manual-review",
      "operation": "manual-review",
      "path": "docs/architecture/evidence/mutation-lock-coverage-2026-07-11-lc1.md",
      "reason": "status requires manual review",
      "source": "doc-lifecycle-triage"
    },
    {
      "execute": "false",
      "id": "docs/architecture/evidence/mutation-lock-coverage-2026-07-11-post-lc3.md:manual-review",
      "operation": "manual-review",
      "path": "docs/architecture/evidence/mutation-lock-coverage-2026-07-11-post-lc3.md",
      "reason": "status requires manual review",
      "source": "doc-lifecycle-triage"
    },
    {
      "execute": "false",
      "id": "docs/architecture/evidence/path-literal-active-enforcement-2026-07-11-p5b.md:manual-review",
      "operation": "manual-review",
      "path": "docs/architecture/evidence/path-literal-active-enforcement-2026-07-11-p5b.md",
      "reason": "status requires manual review",
      "source": "doc-lifecycle-triage"
    },
    {
      "execute": "false",
      "id": "docs/architecture/evidence/path-literal-audit-2026-07-04-post-p1.md:manual-review",
      "operation": "manual-review",
      "path": "docs/architecture/evidence/path-literal-audit-2026-07-04-post-p1.md",
      "reason": "status requires manual review",
      "source": "doc-lifecycle-triage"
    },
    {
      "execute": "false",
      "id": "docs/architecture/evidence/path-literal-audit-2026-07-04-post-s6-transfer-split.md:manual-review",
      "operation": "manual-review",
      "path": "docs/architecture/evidence/path-literal-audit-2026-07-04-post-s6-transfer-split.md",
      "reason": "status requires manual review",
      "source": "doc-lifecycle-triage"
    },
    {
      "execute": "false",
      "id": "docs/architecture/evidence/path-literal-audit-2026-07-04-post-s6.md:manual-review",
      "operation": "manual-review",
      "path": "docs/architecture/evidence/path-literal-audit-2026-07-04-post-s6.md",
      "reason": "status requires manual review",
      "source": "doc-lifecycle-triage"
    },
    {
      "execute": "false",
      "id": "docs/architecture/evidence/path-literal-audit-2026-07-04.md:manual-review",
      "operation": "manual-review",
      "path": "docs/architecture/evidence/path-literal-audit-2026-07-04.md",
      "reason": "status requires manual review",
      "source": "doc-lifecycle-triage"
    },
    {
      "execute": "false",
      "id": "docs/architecture/evidence/path-literal-audit-2026-07-10-post-p4b.md:manual-review",
      "operation": "manual-review",
      "path": "docs/architecture/evidence/path-literal-audit-2026-07-10-post-p4b.md",
      "reason": "status requires manual review",
      "source": "doc-lifecycle-triage"
    },
    {
      "execute": "false",
      "id": "docs/architecture/evidence/remote-branch-hygiene-2026-07-11.md:manual-review",
      "operation": "manual-review",
      "path": "docs/architecture/evidence/remote-branch-hygiene-2026-07-11.md",
      "reason": "status requires manual review",
      "source": "doc-lifecycle-triage"
    },
    {
      "execute": "false",
      "id": "docs/archive/COMMAND_SAFETY_HARDENING_PLAN.md:confirm-current",
      "operation": "confirm-current",
      "path": "docs/archive/COMMAND_SAFETY_HARDENING_PLAN.md",
      "reason": "registered lifecycle metadata indicates current document",
      "source": "doc-lifecycle-triage"
    },
    {
      "execute": "false",
      "id": "docs/archive/DESIGN.md:historical",
      "operation": "historical",
      "path": "docs/archive/DESIGN.md",
      "reason": "registered lifecycle metadata indicates historical document",
      "source": "doc-lifecycle-triage"
    },
    {
      "execute": "false",
      "id": "docs/archive/FAILURE_MODE_REVIEW_AUTOMATION_PLAN.md:manual-review",
      "operation": "manual-review",
      "path": "docs/archive/FAILURE_MODE_REVIEW_AUTOMATION_PLAN.md",
      "reason": "status requires manual review",
      "source": "doc-lifecycle-triage"
    },
    {
      "execute": "false",
      "id": "docs/archive/KIT_AS_OS_MASTERPLAN.md:confirm-current",
      "operation": "confirm-current",
      "path": "docs/archive/KIT_AS_OS_MASTERPLAN.md",
      "reason": "registered lifecycle metadata indicates current document",
      "source": "doc-lifecycle-triage"
    },
    {
      "execute": "false",
      "id": "docs/archive/LOCAL_COCKPIT_FOUNDATION.md:historical",
      "operation": "historical",
      "path": "docs/archive/LOCAL_COCKPIT_FOUNDATION.md",
      "reason": "registered lifecycle metadata indicates historical document",
      "source": "doc-lifecycle-triage"
    },
    {
      "execute": "false",
      "id": "docs/archive/PRE_GUI_EXECUTION_HARDENING.md:historical",
      "operation": "historical",
      "path": "docs/archive/PRE_GUI_EXECUTION_HARDENING.md",
      "reason": "registered lifecycle metadata indicates historical document",
      "source": "doc-lifecycle-triage"
    },
    {
      "execute": "false",
      "id": "docs/archive/PRE_GUI_HARDENING_TASKS.md:confirm-current",
      "operation": "confirm-current",
      "path": "docs/archive/PRE_GUI_HARDENING_TASKS.md",
      "reason": "registered lifecycle metadata indicates current document",
      "source": "doc-lifecycle-triage"
    },
    {
      "execute": "false",
      "id": "docs/archive/RULE_REFRESH_HANDSHAKE_PLAN.md:confirm-current",
      "operation": "confirm-current",
      "path": "docs/archive/RULE_REFRESH_HANDSHAKE_PLAN.md",
      "reason": "registered lifecycle metadata indicates current document",
      "source": "doc-lifecycle-triage"
    },
    {
      "execute": "false",
      "id": "docs/archive/RULE_REGISTRY_IMPROVEMENT_PLAN.md:confirm-current",
      "operation": "confirm-current",
      "path": "docs/archive/RULE_REGISTRY_IMPROVEMENT_PLAN.md",
      "reason": "registered lifecycle metadata indicates current document",
      "source": "doc-lifecycle-triage"
    },
    {
      "execute": "false",
      "id": "docs/archive/TKINTER_WORKBENCH_GUI_PLAN.md:manual-review",
      "operation": "manual-review",
      "path": "docs/archive/TKINTER_WORKBENCH_GUI_PLAN.md",
      "reason": "status requires manual review",
      "source": "doc-lifecycle-triage"
    },
    {
      "execute": "false",
      "id": "docs/archive/V0.3.36_REMAINING_WORKPLAN.md:historical",
      "operation": "historical",
      "path": "docs/archive/V0.3.36_REMAINING_WORKPLAN.md",
      "reason": "registered lifecycle metadata indicates historical document",
      "source": "doc-lifecycle-triage"
    },
    {
      "execute": "false",
      "id": "docs/archive/V0.3.36_SHELL_ADAPTER_INVENTORY_BASELINE.md:historical",
      "operation": "historical",
      "path": "docs/archive/V0.3.36_SHELL_ADAPTER_INVENTORY_BASELINE.md",
      "reason": "registered lifecycle metadata indicates historical document",
      "source": "doc-lifecycle-triage"
    },
    {
      "execute": "false",
      "id": "docs/archive/V0.4.0_GUI_ACTION_READINESS_CONTRACT.md:historical",
      "operation": "historical",
      "path": "docs/archive/V0.4.0_GUI_ACTION_READINESS_CONTRACT.md",
      "reason": "registered lifecycle metadata indicates historical document",
      "source": "doc-lifecycle-triage"
    },
    {
      "execute": "false",
      "id": "docs/archive/WORKFLOW_REDUCTION_FOCUS.md:historical",
      "operation": "historical",
      "path": "docs/archive/WORKFLOW_REDUCTION_FOCUS.md",
      "reason": "registered lifecycle metadata indicates historical document",
      "source": "doc-lifecycle-triage"
    },
    {
      "execute": "false",
      "id": "docs/archive/planning/NEXT_TURN_A0_STANDARD_ERROR_ADDITIONS.md:confirm-current",
      "operation": "confirm-current",
      "path": "docs/archive/planning/NEXT_TURN_A0_STANDARD_ERROR_ADDITIONS.md",
      "reason": "registered lifecycle metadata indicates current document",
      "source": "doc-lifecycle-triage"
    },
    {
      "execute": "false",
      "id": "docs/archive/planning/V040_DOCUMENTATION_FOLLOW_UP.md:historical",
      "operation": "historical",
      "path": "docs/archive/planning/V040_DOCUMENTATION_FOLLOW_UP.md",
      "reason": "registered lifecycle metadata indicates historical document",
      "source": "doc-lifecycle-triage"
    },
    {
      "execute": "false",
      "id": "docs/archive/planning/roadmap/V0.4.0_PORTABLE_LLM_COMMUNICATION_BOOTSTRAP_ROADMAP.md:historical",
      "operation": "historical",
      "path": "docs/archive/planning/roadmap/V0.4.0_PORTABLE_LLM_COMMUNICATION_BOOTSTRAP_ROADMAP.md",
      "reason": "registered lifecycle metadata indicates historical document",
      "source": "doc-lifecycle-triage"
    },
    {
      "execute": "false",
      "id": "docs/governance/CHAT_BOOTSTRAP_AND_DRIFT_CONTRACT.md:manual-review",
      "operation": "manual-review",
      "path": "docs/governance/CHAT_BOOTSTRAP_AND_DRIFT_CONTRACT.md",
      "reason": "status requires manual review",
      "source": "doc-lifecycle-triage"
    },
    {
      "execute": "false",
      "id": "docs/governance/CHAT_COMMUNICATION_CONTRACT.md:manual-review",
      "operation": "manual-review",
      "path": "docs/governance/CHAT_COMMUNICATION_CONTRACT.md",
      "reason": "status requires manual review",
      "source": "doc-lifecycle-triage"
    },
    {
      "execute": "false",
      "id": "docs/governance/COMMAND_REFERENCE_REGISTRY_CONTRACT.md:manual-review",
      "operation": "manual-review",
      "path": "docs/governance/COMMAND_REFERENCE_REGISTRY_CONTRACT.md",
      "reason": "status requires manual review",
      "source": "doc-lifecycle-triage"
    },
    {
      "execute": "false",
      "id": "docs/governance/COMMAND_SAFETY_POLICY.md:manual-review",
      "operation": "manual-review",
      "path": "docs/governance/COMMAND_SAFETY_POLICY.md",
      "reason": "status requires manual review",
      "source": "doc-lifecycle-triage"
    },
    {
      "execute": "false",
      "id": "docs/governance/COMPILED_AGENT_CONTEXT.md:confirm-current",
      "operation": "confirm-current",
      "path": "docs/governance/COMPILED_AGENT_CONTEXT.md",
      "reason": "registered lifecycle metadata indicates current document",
      "source": "doc-lifecycle-triage"
    },
    {
      "execute": "false",
      "id": "docs/governance/DOCUMENTATION_REGISTRY_CONTRACT.md:manual-review",
      "operation": "manual-review",
      "path": "docs/governance/DOCUMENTATION_REGISTRY_CONTRACT.md",
      "reason": "status requires manual review",
      "source": "doc-lifecycle-triage"
    },
    {
      "execute": "false",
      "id": "docs/governance/DOCUMENTATION_SYSTEM_AUDIT_CONTRACT.md:manual-review",
      "operation": "manual-review",
      "path": "docs/governance/DOCUMENTATION_SYSTEM_AUDIT_CONTRACT.md",
      "reason": "status requires manual review",
      "source": "doc-lifecycle-triage"
    },
    {
      "execute": "false",
      "id": "docs/governance/DOC_REGISTRY_SCOPE_DECISION.md:manual-review",
      "operation": "manual-review",
      "path": "docs/governance/DOC_REGISTRY_SCOPE_DECISION.md",
      "reason": "status requires manual review",
      "source": "doc-lifecycle-triage"
    },
    {
      "execute": "false",
      "id": "docs/governance/FINAL_SUMMARY_CONTRACT.md:manual-review",
      "operation": "manual-review",
      "path": "docs/governance/FINAL_SUMMARY_CONTRACT.md",
      "reason": "status requires manual review",
      "source": "doc-lifecycle-triage"
    },
    {
      "execute": "false",
      "id": "docs/governance/FINAL_SUMMARY_CONTRACT_FINALIZE_LOG_ADDENDUM.md:manual-review",
      "operation": "manual-review",
      "path": "docs/governance/FINAL_SUMMARY_CONTRACT_FINALIZE_LOG_ADDENDUM.md",
      "reason": "status requires manual review",
      "source": "doc-lifecycle-triage"
    },
    {
      "execute": "false",
      "id": "docs/governance/GOVERNANCE_CHECK.md:confirm-current",
      "operation": "confirm-current",
      "path": "docs/governance/GOVERNANCE_CHECK.md",
      "reason": "registered lifecycle metadata indicates current document",
      "source": "doc-lifecycle-triage"
    },
    {
      "execute": "false",
      "id": "docs/governance/HANDOFF_PROMPT_FRESHNESS_GUARD.md:manual-review",
      "operation": "manual-review",
      "path": "docs/governance/HANDOFF_PROMPT_FRESHNESS_GUARD.md",
      "reason": "status requires manual review",
      "source": "doc-lifecycle-triage"
    },
    {
      "execute": "false",
      "id": "docs/governance/MERGE_READINESS_CONTRACT.md:manual-review",
      "operation": "manual-review",
      "path": "docs/governance/MERGE_READINESS_CONTRACT.md",
      "reason": "status requires manual review",
      "source": "doc-lifecycle-triage"
    },
    {
      "execute": "false",
      "id": "docs/governance/PATCH_FAILURE_DIAGNOSIS_POLICY.md:manual-review",
      "operation": "manual-review",
      "path": "docs/governance/PATCH_FAILURE_DIAGNOSIS_POLICY.md",
      "reason": "status requires manual review",
      "source": "doc-lifecycle-triage"
    },
    {
      "execute": "false",
      "id": "docs/governance/PORTABILITY_AND_OPERATIONAL_RULES.md:confirm-current",
      "operation": "confirm-current",
      "path": "docs/governance/PORTABILITY_AND_OPERATIONAL_RULES.md",
      "reason": "registered lifecycle metadata indicates current document",
      "source": "doc-lifecycle-triage"
    },
    {
      "execute": "false",
      "id": "docs/governance/PORTABLE_CHAT_EXECUTION_CONTRACT.md:manual-review",
      "operation": "manual-review",
      "path": "docs/governance/PORTABLE_CHAT_EXECUTION_CONTRACT.md",
      "reason": "status requires manual review",
      "source": "doc-lifecycle-triage"
    },
    {
      "execute": "false",
      "id": "docs/governance/PROTECTED_CONTROL_FILE_CHANGE_CONTRACT.md:confirm-current",
      "operation": "confirm-current",
      "path": "docs/governance/PROTECTED_CONTROL_FILE_CHANGE_CONTRACT.md",
      "reason": "registered lifecycle metadata indicates current document",
      "source": "doc-lifecycle-triage"
    },
    {
      "execute": "false",
      "id": "docs/governance/PR_CLOSEOUT_GATE.md:confirm-current",
      "operation": "confirm-current",
      "path": "docs/governance/PR_CLOSEOUT_GATE.md",
      "reason": "registered lifecycle metadata indicates current document",
      "source": "doc-lifecycle-triage"
    },
    {
      "execute": "false",
      "id": "docs/governance/REMOTE_INSPECTION_EVIDENCE_RULES.md:confirm-current",
      "operation": "confirm-current",
      "path": "docs/governance/REMOTE_INSPECTION_EVIDENCE_RULES.md",
      "reason": "registered lifecycle metadata indicates current document",
      "source": "doc-lifecycle-triage"
    },
    {
      "execute": "false",
      "id": "docs/governance/RULE_GOVERNANCE.md:confirm-current",
      "operation": "confirm-current",
      "path": "docs/governance/RULE_GOVERNANCE.md",
      "reason": "registered lifecycle metadata indicates current document",
      "source": "doc-lifecycle-triage"
    },
    {
      "execute": "false",
      "id": "docs/governance/RULE_REFRESH_HANDSHAKE_CONTRACT.md:manual-review",
      "operation": "manual-review",
      "path": "docs/governance/RULE_REFRESH_HANDSHAKE_CONTRACT.md",
      "reason": "status requires manual review",
      "source": "doc-lifecycle-triage"
    },
    {
      "execute": "false",
      "id": "docs/governance/RULE_SOURCE_VALIDATOR_JSON_CONTRACT.md:confirm-current",
      "operation": "confirm-current",
      "path": "docs/governance/RULE_SOURCE_VALIDATOR_JSON_CONTRACT.md",
      "reason": "registered lifecycle metadata indicates current document",
      "source": "doc-lifecycle-triage"
    },
    {
      "execute": "false",
      "id": "docs/governance/STANDARD_ERROR_PREVENTION.md:manual-review",
      "operation": "manual-review",
      "path": "docs/governance/STANDARD_ERROR_PREVENTION.md",
      "reason": "status requires manual review",
      "source": "doc-lifecycle-triage"
    },
    {
      "execute": "false",
      "id": "docs/governance/TERMINAL_LOG_HANDOFF_RULE.md:confirm-current",
      "operation": "confirm-current",
      "path": "docs/governance/TERMINAL_LOG_HANDOFF_RULE.md",
      "reason": "registered lifecycle metadata indicates current document",
      "source": "doc-lifecycle-triage"
    },
    {
      "execute": "false",
      "id": "docs/governance/TERMINAL_SAFETY.md:manual-review",
      "operation": "manual-review",
      "path": "docs/governance/TERMINAL_SAFETY.md",
      "reason": "status requires manual review",
      "source": "doc-lifecycle-triage"
    },
    {
      "execute": "false",
      "id": "docs/governance/TYPED_WORK_ORDER_EVIDENCE_CONTRACT.md:confirm-current",
      "operation": "confirm-current",
      "path": "docs/governance/TYPED_WORK_ORDER_EVIDENCE_CONTRACT.md",
      "reason": "registered lifecycle metadata indicates current document",
      "source": "doc-lifecycle-triage"
    },
    {
      "execute": "false",
      "id": "docs/governance/WORK_ORDER_WORKFLOW_CONTRACT.md:confirm-current",
      "operation": "confirm-current",
      "path": "docs/governance/WORK_ORDER_WORKFLOW_CONTRACT.md",
      "reason": "registered lifecycle metadata indicates current document",
      "source": "doc-lifecycle-triage"
    },
    {
      "execute": "false",
      "id": "docs/handoff/CLOSEOUT_BEFORE_CHAT_SWITCH_PROMPT.md:manual-review",
      "operation": "manual-review",
      "path": "docs/handoff/CLOSEOUT_BEFORE_CHAT_SWITCH_PROMPT.md",
      "reason": "status requires manual review",
      "source": "doc-lifecycle-triage"
    },
    {
      "execute": "false",
      "id": "docs/handoff/CURRENT_HANDOFF.md:manual-review",
      "operation": "manual-review",
      "path": "docs/handoff/CURRENT_HANDOFF.md",
      "reason": "status requires manual review",
      "source": "doc-lifecycle-triage"
    },
    {
      "execute": "false",
      "id": "docs/handoff/NEXT_CHAT_BOOTSTRAP.md:manual-review",
      "operation": "manual-review",
      "path": "docs/handoff/NEXT_CHAT_BOOTSTRAP.md",
      "reason": "status requires manual review",
      "source": "doc-lifecycle-triage"
    },
    {
      "execute": "false",
      "id": "docs/handoff/START_NEW_CHAT_PROMPT.md:manual-review",
      "operation": "manual-review",
      "path": "docs/handoff/START_NEW_CHAT_PROMPT.md",
      "reason": "status requires manual review",
      "source": "doc-lifecycle-triage"
    },
    {
      "execute": "false",
      "id": "docs/planning/MASTER_IMPLEMENTATION_Q.md:confirm-current",
      "operation": "confirm-current",
      "path": "docs/planning/MASTER_IMPLEMENTATION_Q.md",
      "reason": "registered lifecycle metadata indicates current document",
      "source": "doc-lifecycle-triage"
    },
    {
      "execute": "false",
      "id": "docs/planning/PROJECT_DIRECTION.md:confirm-current",
      "operation": "confirm-current",
      "path": "docs/planning/PROJECT_DIRECTION.md",
      "reason": "registered lifecycle metadata indicates current document",
      "source": "doc-lifecycle-triage"
    },
    {
      "execute": "false",
      "id": "docs/reference/AGENTIC_CODING_RESEARCH_INPUTS.md:confirm-current",
      "operation": "confirm-current",
      "path": "docs/reference/AGENTIC_CODING_RESEARCH_INPUTS.md",
      "reason": "registered lifecycle metadata indicates current document",
      "source": "doc-lifecycle-triage"
    },
    {
      "execute": "false",
      "id": "docs/reference/AGENTIC_KIT_COMMANDS.md:manual-review",
      "operation": "manual-review",
      "path": "docs/reference/AGENTIC_KIT_COMMANDS.md",
      "reason": "status requires manual review",
      "source": "doc-lifecycle-triage"
    },
    {
      "execute": "false",
      "id": "docs/reference/GUI_GATEKEEPER_IMPLEMENTATION_INVENTORY.md:manual-review",
      "operation": "manual-review",
      "path": "docs/reference/GUI_GATEKEEPER_IMPLEMENTATION_INVENTORY.md",
      "reason": "status requires manual review",
      "source": "doc-lifecycle-triage"
    },
    {
      "execute": "false",
      "id": "docs/reference/HUMAN_WORKFLOW_COMMANDS.md:manual-review",
      "operation": "manual-review",
      "path": "docs/reference/HUMAN_WORKFLOW_COMMANDS.md",
      "reason": "status requires manual review",
      "source": "doc-lifecycle-triage"
    },
    {
      "execute": "false",
      "id": "docs/reference/TRANSFER_TEST_PLAN.md:confirm-current",
      "operation": "confirm-current",
      "path": "docs/reference/TRANSFER_TEST_PLAN.md",
      "reason": "registered lifecycle metadata indicates current document",
      "source": "doc-lifecycle-triage"
    },
    {
      "execute": "false",
      "id": "docs/reference/bounded-workflow-evidence.md:confirm-current",
      "operation": "confirm-current",
      "path": "docs/reference/bounded-workflow-evidence.md",
      "reason": "registered lifecycle metadata indicates current document",
      "source": "doc-lifecycle-triage"
    },
    {
      "execute": "false",
      "id": "docs/reference/hidden-autopilot.md:confirm-current",
      "operation": "confirm-current",
      "path": "docs/reference/hidden-autopilot.md",
      "reason": "registered lifecycle metadata indicates current document",
      "source": "doc-lifecycle-triage"
    },
    {
      "execute": "false",
      "id": "docs/releases/VERIFIED_RELEASES.md:confirm-current",
      "operation": "confirm-current",
      "path": "docs/releases/VERIFIED_RELEASES.md",
      "reason": "registered lifecycle metadata indicates current document",
      "source": "doc-lifecycle-triage"
    },
    {
      "execute": "false",
      "id": "docs/workflow/COMMUNICATION_ARTIFACT_GC.md:confirm-current",
      "operation": "confirm-current",
      "path": "docs/workflow/COMMUNICATION_ARTIFACT_GC.md",
      "reason": "registered lifecycle metadata indicates current document",
      "source": "doc-lifecycle-triage"
    },
    {
      "execute": "false",
      "id": "docs/workflow/CONTROL_MODEL.md:confirm-current",
      "operation": "confirm-current",
      "path": "docs/workflow/CONTROL_MODEL.md",
      "reason": "registered lifecycle metadata indicates current document",
      "source": "doc-lifecycle-triage"
    },
    {
      "execute": "false",
      "id": "docs/workflow/HANDOFF_STATE.md:confirm-current",
      "operation": "confirm-current",
      "path": "docs/workflow/HANDOFF_STATE.md",
      "reason": "registered lifecycle metadata indicates current document",
      "source": "doc-lifecycle-triage"
    },
    {
      "execute": "false",
      "id": "docs/workflow/NO_COPY_TERMINAL_EVIDENCE.md:confirm-current",
      "operation": "confirm-current",
      "path": "docs/workflow/NO_COPY_TERMINAL_EVIDENCE.md",
      "reason": "registered lifecycle metadata indicates current document",
      "source": "doc-lifecycle-triage"
    },
    {
      "execute": "false",
      "id": "docs/workflow/PARAMETERIZED_ACTIONS.md:confirm-current",
      "operation": "confirm-current",
      "path": "docs/workflow/PARAMETERIZED_ACTIONS.md",
      "reason": "registered lifecycle metadata indicates current document",
      "source": "doc-lifecycle-triage"
    },
    {
      "execute": "false",
      "id": "docs/workflow/REPO_COMMAND_RUNNER.md:confirm-current",
      "operation": "confirm-current",
      "path": "docs/workflow/REPO_COMMAND_RUNNER.md",
      "reason": "registered lifecycle metadata indicates current document",
      "source": "doc-lifecycle-triage"
    },
    {
      "execute": "false",
      "id": "docs/workflow/TEXT_TRANSFER_RUNNER.md:confirm-current",
      "operation": "confirm-current",
      "path": "docs/workflow/TEXT_TRANSFER_RUNNER.md",
      "reason": "registered lifecycle metadata indicates current document",
      "source": "doc-lifecycle-triage"
    },
    {
      "execute": "false",
      "id": "docs/workflow/WORKFLOW_GUARD.md:confirm-current",
      "operation": "confirm-current",
      "path": "docs/workflow/WORKFLOW_GUARD.md",
      "reason": "registered lifecycle metadata indicates current document",
      "source": "doc-lifecycle-triage"
    },
    {
      "execute": "false",
      "id": "docs/workflow/WORK_ORDERS.md:confirm-current",
      "operation": "confirm-current",
      "path": "docs/workflow/WORK_ORDERS.md",
      "reason": "registered lifecycle metadata indicates current document",
      "source": "doc-lifecycle-triage"
    },
    {
      "execute": "false",
      "id": "docs/workflow/WORK_ORDER_PREPARE.md:confirm-current",
      "operation": "confirm-current",
      "path": "docs/workflow/WORK_ORDER_PREPARE.md",
      "reason": "registered lifecycle metadata indicates current document",
      "source": "doc-lifecycle-triage"
    },
    {
      "execute": "false",
      "id": "docs/workflow/WORK_ORDER_TEMPLATES.md:confirm-current",
      "operation": "confirm-current",
      "path": "docs/workflow/WORK_ORDER_TEMPLATES.md",
      "reason": "registered lifecycle metadata indicates current document",
      "source": "doc-lifecycle-triage"
    },
    {
      "execute": "false",
      "finding_kind": "scope_decision_table_stale",
      "id": "doc-registry-reconcile:1:scope_decision_table_stale",
      "next_action": "Refresh the decision table from the reconcile report before committing taxonomy changes.",
      "operation": "defer",
      "path": "docs/governance/DOC_REGISTRY_SCOPE_DECISION.md",
      "reason": "Rendered docs-root table differs from DOC_REGISTRY_SCOPE_DECISION.md.",
      "severity": "WARN",
      "source": "doc-registry-reconcile"
    }
  ],
  "reconcile": {
    "findings": [
      {
        "kind": "scope_decision_table_stale",
        "message": "Rendered docs-root table differs from DOC_REGISTRY_SCOPE_DECISION.md.",
        "next_action": "Refresh the decision table from the reconcile report before committing taxonomy changes.",
        "path": "docs/governance/DOC_REGISTRY_SCOPE_DECISION.md",
        "severity": "WARN"
      }
    ],
    "kind": "doc_registry_reconcile_report",
    "mode": "dry-run",
    "registered_count": 100,
    "registry_path": "docs/DOCUMENTATION_REGISTRY.yaml",
    "result_status": "WARN",
    "schema_version": 1,
    "scope_decision_path": "docs/governance/DOC_REGISTRY_SCOPE_DECISION.md",
    "scope_decision_present": true,
    "scope_decision_table_stale": true,
    "scope_path": "docs/DOC_REGISTRY_SCOPE.yaml",
    "scope_present": true,
    "scope_required_markdown_count": 83,
    "strict_scope_violation_count": 0,
    "strict_scope_violations": [],
    "unregistered_candidate_count": 66,
    "unregistered_candidates": [
      "docs/examples/minimal-python-cli.md",
      "docs/reports/CURRENT_WORKFLOW_OUTPUT.md",
      "docs/reports/GUI_COCKPIT_ACTION_READINESS_INVENTORY.md",
      "docs/reports/V0.3.36_FINAL_GUI_CONTRACT_READINESS_AUDIT.md",
      "docs/reports/V0.3.37_FINAL_GUI_PREPARATION_CLOSEOUT.md",
      "docs/reports/branch_cleanup/obsolete_branch_cleanup_plan_20260518-193335.md",
      "docs/reports/command_runs/20260519-agent-next-idempotent-inspection.md",
      "docs/reports/command_runs/20260519-agent-next-queue-health.md",
      "docs/reports/command_runs/20260519-compiled-agent-context-v1.md",
      "docs/reports/command_runs/20260519-compiled-context-fast-path.md",
      "docs/reports/command_runs/20260519-final-summary-contract.md",
      "docs/reports/command_runs/20260519-final-summary-runner-inspection.md",
      "docs/reports/command_runs/20260519-idempotent-already-executed-inbox.md",
      "docs/reports/command_runs/20260519-merge-pr444-remote-first-no-guess.md",
      "docs/reports/command_runs/20260519-next-development-inspection.md",
      "docs/reports/command_runs/20260519-remote-command-first-rule.md",
      "docs/reports/command_runs/20260519-verify-main-after-final-summary-contract.md",
      "docs/reports/command_runs/20260519-verify-main-after-pr445.md",
      "docs/reports/command_runs/20260519-verify-main-after-pr449-summary-contract.md",
      "docs/reports/command_runs/20260519-verify-main-after-pr449.md",
      "docs/reports/command_runs/20260520-discover-communication-artifact-gc.md",
      "docs/reports/command_runs/agent-next-fail-smoke-004.md",
      "docs/reports/command_runs/agent-next-smoke-001.md",
      "docs/reports/command_runs/agent-next-smoke-002.md",
      "docs/reports/command_runs/agent-next-smoke-003.md",
      "docs/reports/command_runs/finalize-after-agent-next-001.md",
      "docs/reports/command_runs/finalize-after-repo-command-runner-001.md",
      "docs/reports/command_runs/finalize-no-copy-after-pr423-001.md",
      "docs/reports/command_runs/harden-agent-run-fail-marker-001.md",
      "docs/reports/command_runs/harden-inbox-completed-command-guard-001.md",
      "docs/reports/command_runs/harden-inbox-lifecycle-cleanup-001.md",
      "docs/reports/command_runs/no-copy-e2e-protocol-001.md",
      "docs/reports/command_runs/post-pr914-closeout-precheck.md",
      "docs/reports/command_runs/post707-state-refresh-v2.md",
      "docs/reports/command_runs/post707-state-refresh-v3.md",
      "docs/reports/command_runs/post707-state-refresh.md",
      "docs/reports/command_runs/slice-a-transfer-state.md",
      "docs/reports/command_runs/smoke-agent-run-missing-script-001.md",
      "docs/reports/command_runs/transfer-closeout-mvp.md",
      "docs/reports/command_runs/transfer-remote-next-mvp.md",
      "docs/reports/command_runs/transfer-run-local-mvp.md",
      "docs/reports/command_runs/verify-agent-next-footer-pf-001.md",
      "docs/reports/communication_rules/CURRENT_COMMUNICATION_RULES.md",
      "docs/reports/didactic_guidance_diff.md",
      "docs/reports/didactic_guidance_inspection.md",
      "docs/reports/documentation-system-closeout-20260612.md",
      "docs/reports/evidence_upload_shortcuts_mvp_contract.md",
      "docs/reports/evidence_upload_shortcuts_mvp_diff.md",
      "docs/reports/gui/agentic_kit_transfer_gui_concept.md",
      "docs/reports/gui/comm_sci_control_gui_structure_analysis.md",
      "docs/reports/handoff_rules/CURRENT_HANDOFF_RULES.md",
      "docs/reports/idempotent_finalization_guard_inspection.md",
      "docs/reports/ns-migration/ns_active_replacement_and_dev_go_up_removal.md",
      "docs/reports/ns-migration/ns_to_agentic_kit_audit.md",
      "docs/reports/ns-migration/ns_to_agentic_kit_plan.md",
      "docs/reports/ns-migration/ns_to_agentic_kit_replacement_table.md",
      "docs/reports/pattern_advisor_mvp_contract.md",
      "docs/reports/post_didactic_guidance_state_diff.md",
      "docs/reports/protected-change-decisions/2026-07-05-remove-obsolete-planning-docs.md",
      "docs/reports/release/release_notes_generator_mvp_analysis.md",
      "docs/reports/release/release_process_state_analysis.md",
      "docs/reports/remote-branch-hygiene/K3_CLOSEOUT.md",
      "docs/reports/report_schema_docs_slice_20260512.md",
      "docs/reports/report_schema_e2e_and_collab_rules_20260512.md",
      "docs/reports/status_roadmap_summary_after_pr105_20260512.md",
      "docs/reports/workflows/patch_cycle_workflow_analysis.md"
    ]
  },
  "registry_summary": {
    "artifact_policy": {
      "default_action_counts": {
        "delete-if-untracked": 1,
        "dry-run": 1,
        "inspect": 1,
        "keep": 3,
        "keep-or-repair": 1
      },
      "delete_allowed_counts": {
        "False": 4,
        "True": 1,
        "conditional": 2
      },
      "policy_path": ".agentic/communication_artifacts.yaml",
      "present": true,
      "protected_rule_ids": [
        "agent-command-inbox",
        "command-run-reports",
        "repo-terminal-logs",
        "terminal-latest-pointer"
      ],
      "rule_count": 7,
      "schema_version": 1
    },
    "broad_migration_allowed": false,
    "class_counts": {
      "architecture": 5,
      "evidence/log": 14,
      "generated artifact": 3,
      "governance/system": 32,
      "historical archive": 18,
      "operational/automation": 17,
      "planning": 5,
      "release": 2,
      "user-facing description": 4
    },
    "document_count": 100,
    "lifecycle": "experimental-schema-baseline",
    "owner_counts": {
      "automation": 3,
      "maintainers": 97
    },
    "registration_policy": {
      "allowed_command": "agentic-kit doc-registry register",
      "mutation_allowed": true,
      "next_step": "Review unregistered candidates, classify them, then register one explicit path/class entry through the normal PR lifecycle.",
      "status": "reviewed_register_command_available"
    },
    "registry_path": "docs/DOCUMENTATION_REGISTRY.yaml",
    "unregistered_candidate_count": 66,
    "unregistered_candidates": [
      "docs/examples/minimal-python-cli.md",
      "docs/reports/CURRENT_WORKFLOW_OUTPUT.md",
      "docs/reports/GUI_COCKPIT_ACTION_READINESS_INVENTORY.md",
      "docs/reports/V0.3.36_FINAL_GUI_CONTRACT_READINESS_AUDIT.md",
      "docs/reports/V0.3.37_FINAL_GUI_PREPARATION_CLOSEOUT.md",
      "docs/reports/branch_cleanup/obsolete_branch_cleanup_plan_20260518-193335.md",
      "docs/reports/command_runs/20260519-agent-next-idempotent-inspection.md",
      "docs/reports/command_runs/20260519-agent-next-queue-health.md",
      "docs/reports/command_runs/20260519-compiled-agent-context-v1.md",
      "docs/reports/command_runs/20260519-compiled-context-fast-path.md",
      "docs/reports/command_runs/20260519-final-summary-contract.md",
      "docs/reports/command_runs/20260519-final-summary-runner-inspection.md",
      "docs/reports/command_runs/20260519-idempotent-already-executed-inbox.md",
      "docs/reports/command_runs/20260519-merge-pr444-remote-first-no-guess.md",
      "docs/reports/command_runs/20260519-next-development-inspection.md",
      "docs/reports/command_runs/20260519-remote-command-first-rule.md",
      "docs/reports/command_runs/20260519-verify-main-after-final-summary-contract.md",
      "docs/reports/command_runs/20260519-verify-main-after-pr445.md",
      "docs/reports/command_runs/20260519-verify-main-after-pr449-summary-contract.md",
      "docs/reports/command_runs/20260519-verify-main-after-pr449.md",
      "docs/reports/command_runs/20260520-discover-communication-artifact-gc.md",
      "docs/reports/command_runs/agent-next-fail-smoke-004.md",
      "docs/reports/command_runs/agent-next-smoke-001.md",
      "docs/reports/command_runs/agent-next-smoke-002.md",
      "docs/reports/command_runs/agent-next-smoke-003.md",
      "docs/reports/command_runs/finalize-after-agent-next-001.md",
      "docs/reports/command_runs/finalize-after-repo-command-runner-001.md",
      "docs/reports/command_runs/finalize-no-copy-after-pr423-001.md",
      "docs/reports/command_runs/harden-agent-run-fail-marker-001.md",
      "docs/reports/command_runs/harden-inbox-completed-command-guard-001.md",
      "docs/reports/command_runs/harden-inbox-lifecycle-cleanup-001.md",
      "docs/reports/command_runs/no-copy-e2e-protocol-001.md",
      "docs/reports/command_runs/post-pr914-closeout-precheck.md",
      "docs/reports/command_runs/post707-state-refresh-v2.md",
      "docs/reports/command_runs/post707-state-refresh-v3.md",
      "docs/reports/command_runs/post707-state-refresh.md",
      "docs/reports/command_runs/slice-a-transfer-state.md",
      "docs/reports/command_runs/smoke-agent-run-missing-script-001.md",
      "docs/reports/command_runs/transfer-closeout-mvp.md",
      "docs/reports/command_runs/transfer-remote-next-mvp.md",
      "docs/reports/command_runs/transfer-run-local-mvp.md",
      "docs/reports/command_runs/verify-agent-next-footer-pf-001.md",
      "docs/reports/communication_rules/CURRENT_COMMUNICATION_RULES.md",
      "docs/reports/didactic_guidance_diff.md",
      "docs/reports/didactic_guidance_inspection.md",
      "docs/reports/documentation-system-closeout-20260612.md",
      "docs/reports/evidence_upload_shortcuts_mvp_contract.md",
      "docs/reports/evidence_upload_shortcuts_mvp_diff.md",
      "docs/reports/gui/agentic_kit_transfer_gui_concept.md",
      "docs/reports/gui/comm_sci_control_gui_structure_analysis.md",
      "docs/reports/handoff_rules/CURRENT_HANDOFF_RULES.md",
      "docs/reports/idempotent_finalization_guard_inspection.md",
      "docs/reports/ns-migration/ns_active_replacement_and_dev_go_up_removal.md",
      "docs/reports/ns-migration/ns_to_agentic_kit_audit.md",
      "docs/reports/ns-migration/ns_to_agentic_kit_plan.md",
      "docs/reports/ns-migration/ns_to_agentic_kit_replacement_table.md",
      "docs/reports/pattern_advisor_mvp_contract.md",
      "docs/reports/post_didactic_guidance_state_diff.md",
      "docs/reports/protected-change-decisions/2026-07-05-remove-obsolete-planning-docs.md",
      "docs/reports/release/release_notes_generator_mvp_analysis.md",
      "docs/reports/release/release_process_state_analysis.md",
      "docs/reports/remote-branch-hygiene/K3_CLOSEOUT.md",
      "docs/reports/report_schema_docs_slice_20260512.md",
      "docs/reports/report_schema_e2e_and_collab_rules_20260512.md",
      "docs/reports/status_roadmap_summary_after_pr105_20260512.md",
      "docs/reports/workflows/patch_cycle_workflow_analysis.md"
    ],
    "version": 1
  },
  "result_status": "PASS",
  "schema_version": 1,
  "summary": {
    "documents": 89,
    "failures": 0,
    "findings": 45,
    "proposed_actions": 135,
    "reconcile_findings": 1,
    "warnings": 45
  }
}

$ ./.venv/bin/agentic-kit docs lifecycle report --scope docs/handoff --json
returncode=0 duration=0.71
[stdout]
{
  "archive": "disabled",
  "delete": "disabled",
  "handoff_context": {
    "available": true,
    "current_head": null,
    "generated_head": "70403d1906ce4788dca0c72b2ea133aa78a74f3b",
    "head_status": null,
    "path": "<KIT_ROOT>/docs/reports/handoff-packages/latest/validation_report.json",
    "result_status": "PASS",
    "safe_to_continue": true,
    "severity": "advisory"
  },
  "kind": "doc_lifecycle_evidence_report_result",
  "mode": "dry-run",
  "mutation": "none",
  "output_path": "docs/architecture/evidence/doc-lifecycle-report.json",
  "report_summary": {
    "plan": {
      "failures": 4,
      "safe_noops": 0,
      "steps": 8,
      "warnings": 4
    },
    "triage": {
      "documents": 89,
      "failures": 0,
      "findings": 45,
      "proposed_actions": 135,
      "reconcile_findings": 1,
      "warnings": 45
    }
  },
  "result_status": "PASS",
  "schema_version": 1,
  "scope": "docs/handoff",
  "would_write": true
}

$ ./.venv/bin/python -m pytest -q tests/test_doc_lifecycle.py tests/test_docs_lifecycle_cli.py tests/test_docs_lifecycle_apply_cli.py tests/test_docs_lifecycle_plan_cli.py tests/test_docs_lifecycle_report_cli.py tests/test_transfer_repo_actions.py
returncode=0 duration=8.53
[stdout]
........................................................................ [ 49%]
........................................................................ [ 99%]
.                                                                        [100%]
=============================== warnings summary ===============================
tests/test_doc_lifecycle.py: 26 warnings
tests/test_docs_lifecycle_cli.py: 3 warnings
tests/test_docs_lifecycle_apply_cli.py: 4 warnings
tests/test_docs_lifecycle_plan_cli.py: 4 warnings
tests/test_docs_lifecycle_report_cli.py: 3 warnings
tests/test_transfer_repo_actions.py: 26 warnings
  <KIT_ROOT>/src/agentic_project_kit/workspace.py:398: LegacyProfileDeprecationWarning: agentic-kit implicit legacy profile is deprecated for manifest-less workspaces and will be removed in 2.0.0; run `agentic-kit workspace init --root PATH` or set AGENTIC_KIT_SUPPRESS_LEGACY_PROFILE_WARNING=1 to suppress this warning.
    warnings.warn(

-- Docs: https://docs.pytest.org/en/stable/how-to/capture-warnings.html
145 passed, 66 warnings in 8.21s

$ ./.venv/bin/python -m pytest -q tests/test_release_prepare_command.py tests/test_release_command_authority.py tests/test_release_prep_core.py tests/test_post_release.py tests/test_post_release_doi_closeout_atomicity.py tests/test_action_specs.py
returncode=0 duration=0.804
[stdout]
..........................................                               [100%]
=============================== warnings summary ===============================
tests/test_release_prepare_command.py: 1 warning
tests/test_post_release.py: 11 warnings
  <KIT_ROOT>/src/agentic_project_kit/workspace.py:398: LegacyProfileDeprecationWarning: agentic-kit implicit legacy profile is deprecated for manifest-less workspaces and will be removed in 2.0.0; run `agentic-kit workspace init --root PATH` or set AGENTIC_KIT_SUPPRESS_LEGACY_PROFILE_WARNING=1 to suppress this warning.
    warnings.warn(

-- Docs: https://docs.pytest.org/en/stable/how-to/capture-warnings.html
42 passed, 12 warnings in 0.48s

$ ./.venv/bin/python -m pytest -q tests/test_v040_gui_tkinter_renderer.py tests/test_v040_gui_dry_run_renderer_integration.py tests/test_v040_gui_action_renderer.py
returncode=0 duration=0.497
[stdout]
........                                                                 [100%]
8 passed in 0.36s

$ ./.venv/bin/python -m pytest -q tests/test_transfer_repo_actions.py tests/test_gatekeeper_core.py tests/test_local_feature_gate_contract.py tests/test_handoff_freshness.py
returncode=0 duration=7.3
[stdout]
........................................................................ [ 58%]
....................................................                     [100%]
=============================== warnings summary ===============================
tests/test_transfer_repo_actions.py: 26 warnings
  <KIT_ROOT>/src/agentic_project_kit/workspace.py:398: LegacyProfileDeprecationWarning: agentic-kit implicit legacy profile is deprecated for manifest-less workspaces and will be removed in 2.0.0; run `agentic-kit workspace init --root PATH` or set AGENTIC_KIT_SUPPRESS_LEGACY_PROFILE_WARNING=1 to suppress this warning.
    warnings.warn(

-- Docs: https://docs.pytest.org/en/stable/how-to/capture-warnings.html
124 passed, 26 warnings in 7.06s

$ ./.venv/bin/python -m pytest -q tests/test_successor_handoff_package.py tests/test_transfer_repo_actions.py
returncode=0 duration=9.699
[stdout]
........................................................................ [ 57%]
.....................................................                    [100%]
=============================== warnings summary ===============================
tests/test_successor_handoff_package.py: 8 warnings
tests/test_transfer_repo_actions.py: 26 warnings
  <KIT_ROOT>/src/agentic_project_kit/workspace.py:398: LegacyProfileDeprecationWarning: agentic-kit implicit legacy profile is deprecated for manifest-less workspaces and will be removed in 2.0.0; run `agentic-kit workspace init --root PATH` or set AGENTIC_KIT_SUPPRESS_LEGACY_PROFILE_WARNING=1 to suppress this warning.
    warnings.warn(

-- Docs: https://docs.pytest.org/en/stable/how-to/capture-warnings.html
125 passed, 34 warnings in 9.39s
